id,name,popularity,duration_ms,explicit,release_date,danceability,energy,key,loudness,mode,speechiness,acousticness,instrumentalness,liveness,valence,tempo,time_signature,artist
02d1E4NRuh7OEQO4vCb9PD,Marry The Night,61,264520,false,2011-05-23,0.612,0.877,0,-4,1,0.064,9.92E-4,0.00563,0.462,0.38,131.068,4,Lady Gaga
08gavXombT6KR0af88i9tA,Jump Then Fall,55,237067,false,2008-11-11,0.618,0.687,2,-5,1,0.0271,0.111,0.0,0.0693,0.82,79.991,4,Taylor Swift
0GxW5K0qzrq7L1jwSY5OmY,Mine - POP Mix,54,230547,false,2010-01-01,0.696,0.768,7,-3,1,0.0308,0.00461,1.21E-6,0.101,0.692,121.05,4,Taylor Swift
0Jlcvv8IykzHaSmj49uNW8,the 1,78,210252,true,2020-07-24,0.777,0.357,0,-6,1,0.0522,0.757,7.28E-6,0.108,0.172,139.883,4,Taylor Swift
0OAHsZ8vrS2NKom3cvfJQD,Mine - POP Mix,45,230547,false,2010-01-01,0.696,0.768,7,-3,1,0.0308,0.00461,1.21E-6,0.101,0.692,121.05,4,Taylor Swift
0PWgAyoxsjwGRuFSO0fyya,Better Than Revenge,65,217173,false,2010-01-01,0.519,0.917,11,-3,0,0.0887,0.0167,2.06E-5,0.359,0.652,145.882,4,Taylor Swift
0T2kNwYw4Z7rhziNRNsjfO,Should've Said No,53,244080,false,2006-10-24,0.477,0.758,4,-3,0,0.0285,0.00983,0.0,0.203,0.53,167.935,4,Taylor Swift
0VRxqpFICUHJKuWx9sQrm6,He Wasn't,54,179360,false,2004-01-01,0.409,0.855,7,-3,1,0.0477,2.07E-4,2.81E-5,0.0818,0.66,172.911,4,Avril Lavigne
0VwNdo84DaVYLIkbVO86ND,We Are Never Ever Getting Back Together,78,193147,false,2012-10-22,0.628,0.676,7,-5,1,0.0916,0.00957,2.65E-5,0.121,0.75,85.984,4,Taylor Swift
0YgHuReCSPwTXYny7isLja,A Perfectly Good Heart,47,220147,false,2006-10-24,0.483,0.751,4,-5,1,0.0365,0.00349,0.0,0.128,0.268,156.092,4,Taylor Swift
0ck1qErO76fM9xKxuSeqDk,The Best Day,48,246320,false,2008-11-11,0.666,0.449,1,-8,1,0.029,0.622,1.92E-6,0.149,0.345,126.083,4,Taylor Swift
0dBW6ZsW8skfvoRfgeerBF,Mine,66,230707,false,2010-10-25,0.624,0.757,7,-2,1,0.0296,0.00265,1.87E-6,0.189,0.658,121.07,4,Taylor Swift
0gVpWodvUHcvcgVjK26Jga,Poker Face,3,238320,false,2015-12-11,0.85,0.784,8,-5,0,0.0785,0.134,2.52E-6,0.0997,0.779,119.0,4,Lady Gaga
0iOu4s8w3pE9vbpb1SHXsL,Alejandro,53,274213,false,2009-01-01,0.626,0.799,11,-6,0,0.046,3.58E-4,0.00155,0.36,0.369,98.992,4,Lady Gaga
0k0vFacOHNuArLWMiH60p7,Tell Me Why (Taylor’s Version),77,200576,false,2021-04-09,0.578,0.909,7,-3,1,0.0628,0.0222,0.0,0.333,0.541,100.023,4,Taylor Swift
0sY6ZUTh4yoctD8VIXz339,champagne problems,81,244000,true,2020-12-11,0.462,0.24,0,-12,1,0.0377,0.92,0.0,0.113,0.32,171.319,4,Taylor Swift
0uNMe6UEqe9uGazPgUGnLD,Paparazzi,56,208307,false,2009-11-05,0.762,0.692,5,-3,0,0.0438,0.113,0.0,0.094,0.397,114.906,4,Lady Gaga
0vqI4ZIMuifeKeItGiWbPj,Starlight,56,217827,false,2012-10-22,0.649,0.777,9,-5,1,0.0406,0.0213,3.35E-4,0.221,0.587,126.018,4,Taylor Swift
0xvsgzM8AtBtRHZm5rav8A,The Other Side Of The Door,54,237600,false,2008-11-11,0.476,0.816,4,-4,1,0.0347,0.169,0.0,0.238,0.469,163.847,4,Taylor Swift
106R7Z57WYzBAfrXImV30y,Wildest Dreams,60,220440,false,2014-10-27,0.55,0.688,8,-7,1,0.0897,0.0692,0.00144,0.106,0.465,139.997,4,Taylor Swift
10eBRyImhfqVvkiVEGf0N0,Enchanted,64,352187,false,2010-10-25,0.455,0.623,8,-3,1,0.0288,0.0739,4.24E-4,0.146,0.208,163.893,4,Taylor Swift
12M5uqx0ZuwkpLp5rJim1a,Cornelia Street,71,287267,false,2019-08-23,0.824,0.624,0,-9,1,0.0827,0.781,1.89E-4,0.1,0.248,102.012,4,Taylor Swift
15PRxID4aGtOncbffzgZXI,Fearless,59,242987,false,2008-11-11,0.596,0.709,5,-4,1,0.0275,0.04,0.0,0.304,0.474,100.028,4,Taylor Swift
19tHCfzUSoy5HkpxcmbA0A,The Story Of Us,58,265667,false,2010-10-25,0.543,0.818,4,-3,1,0.0398,0.00478,3.68E-4,0.0357,0.683,139.898,4,Taylor Swift
1ADciGUxOaUbBFd0rpYx7d,You And I,62,307360,false,2011-05-23,0.521,0.701,2,-5,1,0.0458,0.0892,0.0,0.0876,0.518,127.087,4,Lady Gaga
1BxfuPKGuaTgP7aM0Bbdwr,Cruel Summer,77,178427,false,2019-08-23,0.552,0.702,9,-5,1,0.157,0.117,2.06E-5,0.105,0.564,169.994,4,Taylor Swift
1CiVz2WkmZRwhU3A6J2Gjz,Shake It Off,62,219200,false,2014-10-27,0.647,0.8,7,-5,1,0.165,0.0647,0.0,0.334,0.942,160.078,4,Taylor Swift
1EntfuxWPYjI8ONzkfNb0W,Applause,40,212333,false,2013-11-11,0.669,0.78,7,-4,0,0.053,0.0265,1.63E-6,0.143,0.738,139.945,4,Lady Gaga
1GEBsLDvJGw7kviySRI6GX,You Belong With Me,74,232120,false,2008-11-11,0.687,0.745,6,-4,1,0.0379,0.178,1.59E-5,0.111,0.435,129.966,4,Taylor Swift
1GwMQaZz6Au3QLDbjbMdme,Call It What You Want,70,203507,false,2017-11-10,0.598,0.504,9,-9,1,0.0731,0.186,2.21E-4,0.34,0.252,163.954,4,Taylor Swift
1MaqkdFNIKPdpQGDzme5ss,Two Is Better Than One (feat. Taylor Swift),66,242840,false,2009-09-07,0.521,0.702,0,-5,1,0.0331,0.189,0.0,0.0962,0.25,127.976,4,Taylor Swift
1NmVZsG18CzCAtw7rnV3yA,Clean,64,271000,false,2014-01-01,0.815,0.377,4,-7,1,0.0346,0.232,0.0,0.1,0.211,103.97,4,Taylor Swift
1SmiQ65iSAbPto6gPFlBYm,It’s Nice To Have A Friend,66,150440,false,2019-08-23,0.737,0.175,10,-9,1,0.0401,0.971,3.37E-4,0.171,0.545,70.008,4,Taylor Swift
1U7wXZmCTsOF3GLJJlV1vl,Stupid Love,0,193533,false,2021-04-13,0.68,0.825,8,-4,1,0.0702,0.00173,1.22E-4,0.27,0.784,117.987,4,Lady Gaga
1cSFlSBdpT4F5vb1frQ231,The Other Side Of The Door (Taylor’s Version),74,238444,false,2021-04-09,0.432,0.873,4,-4,1,0.0577,0.0279,0.0,0.167,0.629,163.936,4,Taylor Swift
1j6gmK6u4WNI33lMZ8dC1s,Our Song,54,201107,false,2006-10-24,0.668,0.672,2,-4,1,0.0303,0.111,0.0,0.329,0.539,89.011,4,Taylor Swift
1k18nxjYj8R5iz82Ap7GEY,Marry The Night,54,264520,false,2011-01-01,0.614,0.879,0,-4,1,0.056,0.00104,0.00438,0.41,0.407,131.092,4,Lady Gaga
1k3PzDNjg38cWqOvL4M9vq,Invisible,49,203227,false,2006-10-24,0.612,0.394,7,-5,1,0.0243,0.637,0.0,0.147,0.233,96.001,4,Taylor Swift
1koJk8rrMBlhDZ8MNiLzH9,Always Remember Us This Way,63,210200,false,2018-10-05,0.553,0.506,0,-5,1,0.0411,0.317,0.0,0.763,0.306,130.027,4,Lady Gaga
1vwCXIAjSkUxvn78Cmz84g,Blank Space,37,231827,false,2014-10-27,0.752,0.678,5,-5,1,0.0646,0.085,1.64E-6,0.13,0.583,96.009,4,Taylor Swift
20qtjUDcb8HH8ouF51BirQ,Running with the Wolves,61,194760,false,2014-01-01,0.353,0.529,5,-6,1,0.089,0.245,8.29E-5,0.221,0.423,164.093,4,AURORA
214nt20w5wOxJnY462klLw,Miss Americana & The Heartbreak Prince,70,234147,false,2019-08-23,0.662,0.747,11,-6,0,0.0736,0.028,0.00615,0.138,0.487,150.088,4,Taylor Swift
273dCMFseLcVsoSWx59IoE,Bad Blood,66,211933,false,2014-10-27,0.652,0.802,7,-6,1,0.181,0.0871,6.45E-6,0.148,0.295,170.157,4,Taylor Swift
2IprIjGNRlj3TfqUWCAo0C,Last Christmas,47,208253,false,2008-12-02,0.702,0.77,5,-5,1,0.0372,0.31,0.0,0.149,0.685,116.009,4,Taylor Swift
2NmsngXHeC1GQ9wWrzhOMf,illicit affairs,73,190898,false,2020-07-24,0.559,0.31,10,-10,1,0.0338,0.881,0.0,0.106,0.46,119.845,4,Taylor Swift
2O8sogKJCfVZ4rotBv1vVF,Mary's Song (Oh My My My),50,213080,false,2006-10-24,0.403,0.627,2,-5,1,0.0292,0.0177,0.0,0.182,0.374,74.9,4,Taylor Swift
2OghnlGqZZsFzHjG0CSE9l,Red - Original Demo Recording,50,227080,false,2012-10-22,0.678,0.902,1,-4,0,0.0358,0.113,2.35E-4,0.0705,0.637,124.998,4,Taylor Swift
2Tz4JnXZOcjcp8fWfMjBBk,The Last Time,60,299013,false,2012-10-22,0.505,0.443,2,-7,1,0.0276,0.035,3.15E-6,0.0906,0.123,94.069,4,Taylor Swift
2YWtcWi3a83pdEg3Gif4Pd,I Think He Knows,70,173387,false,2019-08-23,0.897,0.366,0,-8,1,0.0569,0.00889,3.53E-4,0.0715,0.416,100.003,4,Taylor Swift
2eQMZp4HLfQAX5S7wRuso3,My World,51,207267,false,2002-06-04,0.597,0.916,1,-5,1,0.047,0.00595,0.0,0.102,0.699,102.827,4,Avril Lavigne
2fbJ5Msx8KoDKpyufH5YsU,I'll Never Love Again - Extended Version,70,328893,false,2018-10-05,0.406,0.359,7,-6,1,0.0293,0.685,3.67E-6,0.122,0.202,109.246,4,Lady Gaga
2jt90bYlYDg1lXYWES34LJ,The Story Of Us,60,266480,false,2010-01-01,0.546,0.809,4,-3,1,0.041,0.00487,3.72E-4,0.0437,0.649,139.91,4,Taylor Swift
2nX9948PslVYrrHUf6w0eL,Video Phone (feat. Lady Gaga),53,304693,false,2009-11-20,0.32,0.782,8,-7,1,0.374,0.00203,8.51E-4,0.39,0.527,78.05,4,Lady Gaga
2rbDhOo9Fh61Bbu23T2qCk,Always Remember Us This Way,80,210200,false,2018-10-05,0.553,0.502,0,-5,1,0.0409,0.299,0.0,0.764,0.296,129.976,4,Lady Gaga
2sC2P3BN0IXujNaaSyDmtP,Blank Space,62,231827,false,2014-10-27,0.76,0.703,5,-5,1,0.054,0.103,0.0,0.0913,0.57,95.997,4,Taylor Swift
2x0WlnmfG39ZuDmstl9xfX,End Game,72,244827,false,2017-11-10,0.649,0.589,2,-6,1,0.0558,0.00845,0.0,0.108,0.151,159.073,4,Taylor Swift
2y5aJvzXhHPA94U5GFAcXe,I Don’t Wanna Live Forever (Fifty Shades Darker),68,245653,false,2017-02-10,0.734,0.442,0,-8,1,0.0557,0.0594,1.63E-5,0.213,0.0973,117.967,4,Taylor Swift
3CeCwYWvdfXbZLXFhBrbnf,Love Story (Taylor’s Version),85,235767,false,2021-02-12,0.626,0.79,2,-4,1,0.0311,0.135,3.97E-6,0.0989,0.416,119.082,4,Taylor Swift
3K2es3gElMRJ3qvmPW442g,Dear John,62,403933,false,2010-01-01,0.583,0.468,4,-5,1,0.0278,0.183,1.65E-6,0.111,0.126,119.375,3,Taylor Swift
3M0w3fhdXByHLCNAoi5c9G,Fifteen,54,294347,false,2008-11-11,0.559,0.636,7,-4,1,0.0263,0.0728,0.0,0.144,0.214,95.485,4,Taylor Swift
3MXzl6hq3vSqB8ZlKVGkRi,Fifteen,40,295333,false,2008-01-01,0.559,0.627,7,-4,1,0.0264,0.0647,0.0,0.137,0.204,95.452,4,Taylor Swift
3RBluWmSoG2pGA1OePzGJI,The Story Of Us,64,265667,false,2010-10-25,0.543,0.818,4,-3,1,0.0398,0.00478,3.68E-4,0.0357,0.683,139.898,4,Taylor Swift
3SBGfIPUVlqt1YGxgZXoJ9,Fearless,40,243093,false,2008-01-01,0.591,0.703,5,-4,1,0.0279,0.0365,0.0,0.307,0.442,100.036,4,Taylor Swift
3WUbVS0J4Ulf0XZR6LNRnh,"Eh, Eh (Nothing Else I Can Say)",51,175360,false,2008-01-01,0.68,0.876,1,-3,0,0.0577,0.246,1.87E-4,0.0788,0.816,187.785,4,Lady Gaga
3Z0oQ8r78OUaHvGPiDBR3W,Into the Unknown,77,194848,false,2019-11-15,0.323,0.405,10,-8,0,0.0413,0.849,5.44E-4,0.138,0.274,145.104,5,AURORA
3as6Wz3mwbTnusWhZjTUNr,You Belong With Me,59,231147,false,2008-11-11,0.687,0.771,6,-4,1,0.0384,0.164,2.46E-5,0.112,0.445,129.964,4,Taylor Swift
3fVnlF4pGqWI9flVENcT28,Wildest Dreams,78,220440,false,2014-01-01,0.553,0.664,8,-7,1,0.0741,0.0709,0.0056,0.106,0.467,140.06,4,Taylor Swift
3lxrdos6O9eZit1KMfz9A1,Runaway,53,227933,false,2007-04-17,0.567,0.936,0,-2,1,0.0537,7.17E-5,0.306,0.162,0.677,134.975,4,Avril Lavigne
3okZYmjCyOilKfIQTAEbm7,I ukjent land,45,194867,false,2019-11-22,0.462,0.408,1,-8,1,0.0362,0.842,0.00109,0.139,0.391,107.393,4,AURORA
3zwMVvkBe2qIKDObWgXw4N,right where you left me - bonus track,73,245027,false,2021-01-07,0.581,0.619,10,-6,1,0.0282,0.769,1.06E-4,0.117,0.645,137.915,4,Taylor Swift
43rA71bccXFGD4C8GOpIlN,I Forgot That You Existed,74,170640,false,2019-08-23,0.664,0.316,5,-10,1,0.519,0.298,2.03E-6,0.0812,0.541,92.875,4,Taylor Swift
47HtKpfzpAt8rQjjXWotFj,Forever & Always,60,225320,false,2008-11-11,0.608,0.821,10,-4,1,0.0576,0.0752,0.0,0.11,0.544,128.042,4,Taylor Swift
4AYtqFyFbX0Xkc2wtcygTr,Soon You’ll Get Better (feat. The Chicks),67,201587,false,2019-08-23,0.433,0.182,0,-12,1,0.0641,0.907,0.0,0.123,0.421,207.476,4,Taylor Swift
4EUQXLipplO2v9mVaqQtjc,Last Kiss,58,367147,false,2010-01-01,0.359,0.329,10,-9,1,0.0293,0.581,3.75E-5,0.0979,0.208,84.358,3,Taylor Swift
4LraIz87diVQdDK0rhi0S4,Innocent,43,302267,false,2010-01-01,0.553,0.604,1,-5,0,0.0258,0.202,0.0,0.125,0.186,133.989,4,Taylor Swift
4NNolUeL5m2ju7kf8pdg6H,All You Had To Do Was Stay,62,193293,false,2014-01-01,0.602,0.735,5,-5,1,0.0337,0.00196,4.77E-5,0.105,0.472,96.969,4,Taylor Swift
4RBKAqJ3qyvvriDG0s9IJ3,Love Story - Live From Clear Channel Stripped 2008,42,221028,false,2008-06-28,0.741,0.444,2,-7,1,0.0311,0.659,0.0,0.131,0.512,119.006,4,Taylor Swift
4SHyS2ThjrS1iBGruKweCz,Bad Blood,45,211933,false,2014-10-27,0.646,0.794,7,-6,1,0.19,0.0885,6.16E-6,0.201,0.287,170.216,4,Taylor Swift
4UMZpWNYEDT2vVALzWdcCo,Nobody's Fool,55,237333,false,2002-06-04,0.497,0.877,4,-6,1,0.059,9.42E-4,0.0,0.127,0.459,89.98,4,Avril Lavigne
4UPcXTh26ilb7owtuyHqNI,Keep Holding On,65,239907,false,2007-04-17,0.162,0.786,7,-2,1,0.038,0.0374,0.0,0.143,0.138,161.192,3,Avril Lavigne
4XMP3zVxrnr58T0tjIHvpR,All Too Well,57,327893,false,2012-10-22,0.602,0.609,0,-7,1,0.0243,0.0382,2.0E-4,0.127,0.337,93.06,4,Taylor Swift
4bia7OWZPoswlzXCqESYrR,Smile,64,209520,true,2011-03-08,0.634,0.848,1,-3,0,0.047,0.00237,0.0,0.0681,0.647,105.055,4,Avril Lavigne
4ewAfHYpDTzpW1GKO44CVP,Long Live,58,317960,false,2010-01-01,0.412,0.682,7,-4,1,0.0339,0.0426,7.47E-5,0.106,0.146,203.959,4,Taylor Swift
4pEZUytwBzha5Un6m3SCFf,The Way I Loved You,63,244240,false,2008-11-11,0.436,0.712,5,-3,1,0.0329,0.0322,0.0,0.111,0.379,160.886,4,Taylor Swift
4pFvEWbjBpPUdYRQly0THs,Today Was A Fairytale,57,242480,false,2011-02-15,0.491,0.703,7,-4,1,0.0319,0.0307,5.72E-6,0.167,0.344,157.988,4,Taylor Swift
4pJi1rVt9GNegU9kywjg4z,Teardrops on My Guitar - Pop Version,53,179067,false,2006-10-24,0.459,0.753,10,-3,1,0.0537,0.0402,0.0,0.0863,0.483,199.997,4,Taylor Swift
4pl5zcqCv4vc3cB7M4MZ6f,Come In With The Rain,53,238107,false,2008-11-11,0.527,0.475,2,-6,1,0.0258,0.0868,4.34E-6,0.248,0.224,143.962,4,Taylor Swift
4qyalTRMRH5YuEntvvMvq0,Come Back...Be Here,56,222707,false,2012-10-22,0.483,0.548,4,-6,1,0.0254,0.00471,2.01E-6,0.0997,0.217,79.926,4,Taylor Swift
4u8q2Gddnu8jqCFzxm5IZs,Hair,54,307893,false,2011-05-23,0.57,0.923,5,-3,1,0.063,0.00116,9.01E-6,0.141,0.403,135.006,4,Lady Gaga
4uoyvFGK43Of4v9tj0moxC,Begin Again,60,239427,false,2012-10-22,0.53,0.526,7,-8,1,0.0263,0.199,3.52E-6,0.14,0.323,79.025,4,Taylor Swift
4vWTULAbqJAgqBqK2CxSY9,willow,56,214707,false,2020-12-11,0.392,0.574,7,-9,1,0.17,0.833,0.00179,0.145,0.529,81.112,4,Taylor Swift
4wB4cPK52RCQviHm4SC2wa,Poker Face,9,238907,false,2020-10-23,0.851,0.818,4,-4,1,0.0789,0.112,2.94E-6,0.0945,0.808,119.006,4,Lady Gaga
51A8eKvvZz9uydvIZ7xRSV,Superstar (Taylor’s Version),73,263865,false,2021-04-09,0.454,0.555,2,-6,1,0.0283,0.157,0.0,0.343,0.171,171.862,4,Taylor Swift
54JKnDB3CzVu8wNAOM27BI,When You're Gone,70,240493,false,2007-04-17,0.457,0.719,4,-3,0,0.0323,0.191,0.0,0.228,0.168,142.034,4,Avril Lavigne
55mh9j2aB7xZ1Oh463gK8k,Better Than Revenge,49,217173,false,2010-01-01,0.519,0.917,11,-3,0,0.0887,0.0167,2.06E-5,0.359,0.652,145.882,4,Taylor Swift
55n9yjI6qqXh5F2mYvUc2y,I Don’t Wanna Live Forever (Fifty Shades Darker),80,247160,false,2017-11-09,0.731,0.445,0,-8,1,0.0533,0.0586,1.96E-5,0.14,0.106,117.97,4,Taylor Swift
56ZrTFkANjeAMiS14njg4E,Perfect Illusion,65,182000,false,2016-10-21,0.613,0.857,1,-5,0,0.0366,0.0012,0.0,0.358,0.664,124.987,4,Lady Gaga
57F80059mWaWFvWG3tBTbO,The Edge Of Glory,68,320547,false,2011-05-23,0.583,0.768,9,-6,1,0.041,3.23E-4,0.0162,0.109,0.357,127.952,4,Lady Gaga
5Cdn9LP9yrXgnoHlPnBjgj,Million Reasons,6,205280,false,2021-04-11,0.666,0.423,0,-8,1,0.0429,0.494,0.0,0.106,0.154,129.893,4,Lady Gaga
5P4wWhUYWM0IaVYLuZxdar,The Way I Loved You,65,244227,false,2008-11-11,0.433,0.7,5,-3,1,0.0336,0.0408,0.0,0.115,0.398,160.927,4,Taylor Swift
5PjfMmF06QtxTPZBZHdhoZ,Everything Has Changed,60,245413,false,2012-10-22,0.624,0.458,6,-6,1,0.0287,0.36,3.89E-6,0.311,0.436,80.016,4,Taylor Swift
5Tj2MqcFMf60CaGsKbM1aq,The Outside,48,207107,false,2006-10-24,0.589,0.805,5,-4,1,0.0293,0.00491,0.0,0.24,0.591,112.982,4,Taylor Swift
5WFIK6GKHpNXfjlH3BSnep,Bad Romance,47,294467,false,2009-01-01,0.693,0.924,0,-3,1,0.0392,0.0034,4.4E-5,0.0926,0.715,118.983,4,Lady Gaga
5WuBu7WHqaDAIs5dikGclg,Shake It Off,47,219200,false,2014-10-27,0.648,0.785,7,-5,1,0.165,0.0561,0.0,0.148,0.943,160.02,4,Taylor Swift
5hnJCRSo4pxRsaEwT9YusG,Love Story,62,235280,false,2008-11-11,0.618,0.736,2,-3,1,0.0308,0.157,0.0,0.073,0.307,118.982,4,Taylor Swift
5kI4eCXXzyuIUXjQra0Cxi,betty,75,294521,true,2020-07-24,0.593,0.377,0,-8,1,0.0253,0.6,0.0,0.0976,0.502,95.939,4,Taylor Swift
5ka2ajep9OAvU5Sgduhiex,Applause,73,212333,false,2013-11-11,0.669,0.78,7,-4,0,0.053,0.0265,1.63E-6,0.143,0.738,139.945,4,Lady Gaga
5mfDBWY7ncZFm7ykmFTG4i,State Of Grace - Acoustic Version,54,323080,false,2012-10-22,0.626,0.118,7,-15,1,0.0305,0.664,1.69E-4,0.127,0.0682,105.597,4,Taylor Swift
5pcjystBtalYeqaiXCcgEY,You All Over Me (feat. Maren Morris) (Taylor’s Version) (From The Vault),84,220839,false,2021-03-26,0.589,0.496,2,-7,1,0.0377,0.818,0.0,0.101,0.44,142.731,4,Taylor Swift
67Io3gxHwfbUreBf114c0u,Mine,64,230773,false,2010-01-01,0.621,0.78,7,-2,1,0.0297,0.00327,4.55E-6,0.184,0.672,121.038,4,Taylor Swift
6HWYtS215rxaaMjvpyG18W,You're Not Sorry,52,261800,false,2008-11-11,0.459,0.459,6,-4,1,0.0275,0.13,2.3E-6,0.113,0.281,134.018,4,Taylor Swift
6IH2Z54gYPLqgJtxZjX80i,Back To December - Acoustic Version,55,292560,false,2010-10-25,0.541,0.453,2,-6,1,0.0266,0.748,0.0,0.2,0.377,141.757,4,Taylor Swift
6NFyWDv5CjfwuzoCkw47Xf,Delicate,78,232253,false,2017-11-10,0.75,0.404,9,-10,0,0.0682,0.216,3.57E-4,0.0911,0.0499,95.045,4,Taylor Swift
6XDBA3QWX51lDJ0oZbaJJN,Long Live,55,317947,false,2010-10-25,0.418,0.68,7,-4,1,0.0346,0.036,7.59E-5,0.108,0.142,204.125,4,Taylor Swift
6ce41JVa6KFaryfmC2bu2W,22,73,232120,false,2012-10-22,0.661,0.729,7,-6,1,0.0376,0.00215,0.0013,0.0477,0.668,103.987,4,Taylor Swift
6kISMRfweKSvgHR0urMQFG,We Are Never Ever Getting Back Together,64,193147,false,2012-10-22,0.628,0.676,7,-5,1,0.0916,0.00957,2.65E-5,0.121,0.75,85.984,4,Taylor Swift
6rZVy6FIG7lSJQMFXHo12z,New Romantics,66,230467,false,2014-10-27,0.633,0.889,5,-5,1,0.0715,0.00463,4.58E-4,0.0658,0.584,121.956,4,Taylor Swift
6sqNctd7MlJoKDOxPVCAvU,My Happy Ending,70,242413,false,2004-01-01,0.414,0.936,2,-2,1,0.0758,0.00136,0.0,0.369,0.74,170.229,4,Avril Lavigne
6yM6QsnTCTVOkKEvg3hGlo,Mean,49,237747,false,2010-01-01,0.57,0.747,4,-3,1,0.0426,0.445,0.0,0.219,0.808,164.004,4,Taylor Swift
70e9zuv2pJc7ON1OUAJ1zl,Sad Beautiful Tragic,56,284867,false,2012-10-22,0.624,0.34,7,-12,1,0.029,0.632,0.0337,0.0805,0.261,129.987,3,Taylor Swift
70vvnTUamBXOc0vRk7BBDu,Poker Face,50,237200,false,2009-11-18,0.851,0.806,4,-4,1,0.0788,0.12,1.39E-6,0.122,0.775,119.002,4,Lady Gaga
71PmZqBXH0RUETqxpwlV0w,Style,60,231000,false,2014-01-01,0.598,0.786,2,-5,1,0.0382,0.00256,0.00143,0.117,0.456,95.021,4,Taylor Swift
73YUReisjb3A9ActdLLjJQ,happiness,72,315147,true,2020-12-11,0.559,0.334,11,-10,1,0.0376,0.87,0.0,0.114,0.211,122.079,4,Taylor Swift
74iZuPGwyL33VlTr6jTnab,Always Remember Us This Way,74,210200,false,2018-10-05,0.553,0.502,0,-5,1,0.0409,0.299,0.0,0.764,0.296,129.976,4,Lady Gaga
77sMIMlNaSURUAXq5coCxE,Fearless (Taylor’s Version),80,241592,false,2021-04-09,0.569,0.741,5,-4,1,0.0282,0.0122,0.0,0.333,0.43,100.118,4,Taylor Swift
7CjuAoOiSrwWv7wJonAUmw,The Best Day,51,245347,false,2008-11-11,0.664,0.447,1,-8,1,0.0292,0.611,1.0E-6,0.139,0.364,126.079,4,Taylor Swift
7F25roCtYi55JouckaayPC,Judas,70,249067,false,2011-05-23,0.664,0.934,10,-3,0,0.0697,0.00108,2.77E-5,0.27,0.53,130.982,4,Lady Gaga
7F5oktn5YOsR9eR5YsFtqb,New Year’s Day,66,235467,false,2017-11-10,0.661,0.151,0,-12,1,0.0354,0.921,0.0,0.13,0.23,94.922,4,Taylor Swift
7an1exwMnfYRcdVQm0yDev,Cold As You,54,239013,false,2006-10-24,0.418,0.482,5,-5,1,0.0266,0.217,0.0,0.123,0.261,175.558,4,Taylor Swift
7bad461siaxECNlaYsmIo6,Love Story,48,236253,false,2008-01-01,0.616,0.738,2,-3,1,0.0311,0.153,0.0,0.0769,0.3,118.994,4,Taylor Swift
7dXKdjpOaH2iwfFKmUj7aq,Speak Now,59,240773,false,2010-01-01,0.708,0.601,7,-3,1,0.0306,0.101,0.0,0.0979,0.742,118.962,4,Taylor Swift
7gY3cyGcB2wnk2xDXiA0pe,Head Above Water,70,220850,false,2019-02-15,0.578,0.694,5,-5,1,0.0706,0.0112,0.0,0.102,0.268,129.921,4,Avril Lavigne
7kt9e9LFSpN1zQtYEl19o1,this is me trying,73,195097,false,2020-07-24,0.515,0.476,9,-9,1,0.0328,0.314,4.74E-5,0.171,0.412,135.886,4,Taylor Swift
7lxADouiWFkwR7ZV2GKUcH,Back To December,59,293027,false,2010-10-25,0.529,0.67,2,-4,1,0.0303,0.117,0.0,0.334,0.286,141.893,4,Taylor Swift
7vvIpJZye5cRR6De1LKM0m,The Last Time,58,298293,false,2012-10-22,0.505,0.443,2,-7,1,0.0276,0.035,3.15E-6,0.0921,0.123,94.069,4,Taylor Swift
7wjbSn8QHsxqKXU5M0jXGM,Eyes Open,52,244587,false,2012-01-01,0.598,0.724,7,-7,1,0.0345,0.00678,0.00182,0.0839,0.297,137.115,4,Taylor Swift
01QdEx6kFr78ZejhQtWR5m,Forever & Always (Piano Version) (Taylor’s Version),75,267833,false,2021-04-09,0.546,0.273,9,-9,1,0.0308,0.819,0.0,0.137,0.271,118.753,4,Taylor Swift
02XnQdf7sipaKBBHixz3Zp,Paparazzi,72,208307,false,2008-01-01,0.762,0.692,5,-3,0,0.0438,0.113,0.0,0.094,0.397,114.906,4,Lady Gaga
0F2S1QlnMaOfmNHIgmES3k,Stay Stay Stay,57,205853,false,2012-10-22,0.729,0.748,0,-6,1,0.0245,0.307,1.29E-6,0.0962,0.928,99.981,4,Taylor Swift
0HmCuN0Z3OX1Qrz43FLOPL,You're Not Sorry,57,261787,false,2008-11-11,0.475,0.452,6,-4,1,0.027,0.146,1.36E-6,0.108,0.276,133.959,4,Taylor Swift
0KP5F1JO7gWfjDN3jeA27Q,The Edge Of Glory,39,321173,false,2011-01-01,0.581,0.774,9,-6,1,0.0399,3.34E-4,0.0174,0.109,0.358,127.952,4,Lady Gaga
0KWssZBo9yd4GBbKJ939AZ,Running with the Wolves,46,194760,false,2015-12-11,0.53,0.538,5,-6,1,0.0579,0.234,1.78E-4,0.224,0.452,164.255,4,AURORA
0KztjtD3ytzgYjUKIVfBnW,Mean,64,237747,false,2010-01-01,0.57,0.747,4,-3,1,0.0426,0.445,0.0,0.219,0.808,164.004,4,Taylor Swift
0Om9WAB5RS09L80DyOfTNa,Tim McGraw,65,232107,false,2006-10-24,0.58,0.491,0,-6,1,0.0251,0.575,0.0,0.121,0.425,76.009,4,Taylor Swift
0QkWikH5Z3U0f79T9iuF6c,Judas,65,249067,false,2011-01-01,0.661,0.937,10,-3,0,0.0744,9.67E-4,1.59E-5,0.355,0.535,131.001,4,Lady Gaga
0TFQMPTInaZ5IcYw7EVcEB,Teeth,53,220707,false,2009-11-05,0.708,0.826,11,-5,1,0.0476,0.0327,0.0,0.0868,0.519,96.019,4,Lady Gaga
0ciHz919LVKoH4zgxyMPZ9,I Knew You Were Trouble.,60,217973,false,2012-10-22,0.622,0.469,3,-6,0,0.0363,0.00454,2.25E-6,0.0398,0.679,77.019,4,Taylor Swift
0dEQaNYfp5G7Sflek2Qnde,Don't Tell Me,60,202013,false,2004-01-01,0.523,0.795,4,-2,1,0.0386,0.00462,0.0,0.358,0.484,144.106,4,Avril Lavigne
0hwfOlSrYQ36ULiphozHgJ,Speechless,55,270813,false,2009-11-05,0.298,0.702,0,-4,1,0.0398,0.441,0.0,0.35,0.429,143.828,4,Lady Gaga
0mTgFzkDgSAF3nJY25XCXG,Innocent,52,302267,false,2010-01-01,0.553,0.604,1,-5,0,0.0258,0.202,0.0,0.125,0.186,133.989,4,Taylor Swift
0n5iwOwzox8e9mjMhG7Rea,Born This Way,0,260413,false,2021-04-13,0.586,0.835,11,-5,1,0.146,0.00387,0.0,0.304,0.492,123.936,4,Lady Gaga
0ug5NqcwcFR2xrfTkc7k8e,Style,73,231000,false,2014-01-01,0.588,0.791,7,-5,1,0.0402,0.00245,0.00258,0.118,0.487,94.933,4,Taylor Swift
0vvt4IZOMkRug195S4MUq0,If This Was A Movie,55,234547,false,2010-10-25,0.511,0.719,4,-3,1,0.0265,0.166,4.54E-6,0.34,0.289,147.852,4,Taylor Swift
10nqz67NQWWa7XPq7ycihi,Welcome To New York,64,212600,false,2014-01-01,0.793,0.634,7,-4,1,0.0324,0.038,1.76E-6,0.304,0.615,117.023,4,Taylor Swift
11BKm0j4eYoCPPpCONAVwA,Bloody Mary,58,244760,false,2011-01-01,0.591,0.637,9,-6,0,0.03,0.0107,1.95E-6,0.113,0.432,99.998,4,Lady Gaga
13MAWVUSkbGMUi6I7RowRK,Forever & Always - Piano Version,55,267507,false,2008-11-11,0.592,0.16,9,-10,1,0.0347,0.852,0.0,0.116,0.294,118.929,4,Taylor Swift
14Bljc3pOOG0xQX3wqhLN9,SuperStar,52,261453,false,2008-11-11,0.61,0.531,2,-6,1,0.0239,0.367,0.0,0.351,0.228,85.979,4,Taylor Swift
15DeqWWQB4dcEWzJg15VrN,Our Song,70,201107,false,2006-10-24,0.668,0.672,2,-4,1,0.0303,0.111,0.0,0.329,0.539,89.011,4,Taylor Swift
16MVSD0mGI4RMQT83Qzm69,Should've Said No,63,242200,false,2006-10-24,0.476,0.777,4,-3,0,0.0289,0.0103,0.0,0.196,0.472,167.964,4,Taylor Swift
172e82oK9vGoBPvc6SqMm5,Is That Alright?,64,191280,false,2018-10-05,0.557,0.279,6,-7,1,0.0372,0.868,1.25E-5,0.0978,0.263,102.727,4,Lady Gaga
1B5VzXPqMlvRw0U4HJY3dJ,I Wish You Would,59,207440,false,2014-10-27,0.653,0.893,0,-5,1,0.0538,0.0158,4.95E-5,0.102,0.513,118.035,4,Taylor Swift
1EQn3Uc5AyUXoiPLeyCrrg,Ours,58,237920,false,2010-10-25,0.608,0.569,0,-7,1,0.0284,0.537,0.0,0.097,0.238,159.845,4,Taylor Swift
1ERza8JzFin9c3Keo8XQEX,I Will Be,50,239693,false,2007-04-17,0.406,0.67,7,-3,1,0.032,0.0445,4.27E-6,0.16,0.144,74.96,4,Avril Lavigne
1HHeOs6zRdF8Ck58easiAY,Alejandro,68,274213,false,2009-11-05,0.623,0.793,11,-6,0,0.0462,3.97E-4,0.0015,0.375,0.36,98.998,4,Lady Gaga
1IWNylpZ477gIVUDpJL66u,Sour Candy (with BLACKPINK),73,157707,false,2020-05-29,0.752,0.87,9,-3,0,0.0623,0.0604,1.12E-5,0.489,0.784,120.006,4,Lady Gaga
1RTbgb0BantdgL67BFFCrT,Born This Way,0,260413,false,2021-04-13,0.586,0.835,11,-5,1,0.146,0.00387,0.0,0.304,0.492,123.936,4,Lady Gaga
1SymEzIT3H8UZfibCs3TYi,Afterglow,70,223293,false,2019-08-23,0.756,0.449,9,-8,1,0.0344,0.13,0.0,0.114,0.399,111.011,4,Taylor Swift
1V1PZd7RMzMSX9Og6wznnz,In i en ny värld,47,194844,false,2019-11-22,0.429,0.412,10,-7,0,0.0347,0.898,9.89E-4,0.145,0.302,105.367,4,AURORA
1VCJ7vk3Y2DoJIAEOXe3V8,Last Kiss,46,367147,false,2010-01-01,0.359,0.329,10,-9,1,0.0293,0.581,3.75E-5,0.0979,0.208,84.358,3,Taylor Swift
1dGr1c8CrMLDpV6mPbImSI,Lover,79,221307,false,2019-08-23,0.359,0.543,7,-7,1,0.0919,0.492,1.58E-5,0.118,0.453,68.534,4,Taylor Swift
1gL4vMhDV3RgJQmDuY5HK1,Starlight,56,220600,false,2012-10-22,0.649,0.777,9,-5,1,0.0406,0.0213,3.35E-4,0.21,0.587,126.018,4,Taylor Swift
1hxLyjC9D9Jpw6EAPKqWv4,Teardrops on My Guitar - Pop Version,49,179067,false,2006-10-24,0.459,0.753,10,-3,1,0.0537,0.0402,0.0,0.0863,0.483,199.997,4,Taylor Swift
1nYWTzy5zu3zEPNgB1sItW,Speak Now,56,240760,false,2010-10-25,0.709,0.599,7,-3,1,0.0304,0.095,0.0,0.0973,0.735,118.975,4,Taylor Swift
1nuk1yTZO3zR8XB8Ofk9q3,Picture To Burn,57,175280,false,2006-10-24,0.662,0.864,7,-2,1,0.0322,0.202,0.0,0.0997,0.791,105.607,4,Taylor Swift
1q3RiD1tIWUpGsNFADMlvl,All Too Well,70,327893,false,2012-10-22,0.602,0.609,0,-7,1,0.0243,0.0382,2.0E-4,0.127,0.337,93.06,4,Taylor Swift
1qrpoAMXodY6895hGKoUpA,You Belong With Me (Taylor’s Version),80,231124,false,2021-04-09,0.632,0.773,6,-4,1,0.0346,0.0623,0.0,0.0885,0.474,130.033,4,Taylor Swift
1sRByD63uI8ZJAOSPDczXF,Americano,53,246533,false,2011-05-23,0.608,0.848,1,-5,1,0.0326,6.22E-4,3.93E-6,0.429,0.338,127.999,4,Lady Gaga
1v1oIWf2Xgh54kIWuKsDf6,Runaway,84,248827,false,2016-03-11,0.422,0.302,11,-9,1,0.0372,0.629,7.83E-5,0.104,0.123,114.089,4,AURORA
1vjIHlmc4WfIaEl74YAvX0,Unwanted,51,221027,false,2002-06-04,0.475,0.837,4,-5,0,0.0612,1.71E-4,0.0227,0.627,0.622,162.074,3,Avril Lavigne
1wJL1A0QUHJPf2cm7tsrdw,Never Grow Up,54,290467,false,2010-10-25,0.714,0.305,2,-8,1,0.0305,0.819,0.0,0.174,0.554,124.91,4,Taylor Swift
1wVpMbItVdkJ0pmahPoPA2,Mine,39,230773,false,2010-01-01,0.621,0.78,7,-2,1,0.0297,0.00327,4.55E-6,0.184,0.672,121.038,4,Taylor Swift
24DefNCFiWTP8OjYWiXuYe,Speak Now,58,240760,false,2010-10-25,0.709,0.599,7,-3,1,0.0304,0.095,0.0,0.0973,0.735,118.975,4,Taylor Swift
24ySl2hOPGCDcxBxFIqWBu,Rain On Me (with Ariana Grande),83,182200,false,2020-05-22,0.672,0.855,9,-3,1,0.0397,0.021,0.0,0.323,0.646,123.056,4,Lady Gaga
2JoJrsEV15OzbijS47lids,Today Was A Fairytale (Taylor’s Version),75,241822,false,2021-04-09,0.482,0.779,7,-5,1,0.0409,0.0135,0.0,0.296,0.328,158.162,4,Taylor Swift
2PBghI9zJkQEWBzMSMo2Ki,Speak Now,49,240773,false,2010-01-01,0.708,0.601,7,-3,1,0.0306,0.101,0.0,0.0979,0.742,118.962,4,Taylor Swift
2QDyYdZyhlP2fp79KZX8Bi,mad woman,71,237258,true,2020-07-24,0.592,0.699,3,-8,1,0.0471,0.655,1.68E-5,0.114,0.506,141.916,4,Taylor Swift
2RM02ladxD5mgdrlAwh3h9,Teardrops On My Guitar - International Mix,43,193640,false,2008-11-11,0.514,0.557,10,-6,1,0.0264,0.0178,0.00755,0.114,0.152,99.974,4,Taylor Swift
2TF4UtYreqNbQ6Z9AccldU,Teardrops On My Guitar - Radio Single Remix,59,203040,false,2006-10-24,0.621,0.417,10,-6,1,0.0231,0.288,0.0,0.119,0.289,99.953,4,Taylor Swift
2ULNeSomDxVNmdDy8VxEBU,22,62,230133,false,2012-10-22,0.658,0.729,7,-6,1,0.0378,0.00215,0.0013,0.0752,0.668,104.007,4,Taylor Swift
2ZoOmCSgj0ypVAmGd1ve4y,Stay Beautiful,53,236053,false,2006-10-24,0.594,0.629,8,-4,1,0.0246,0.0868,0.0,0.137,0.504,131.597,4,Taylor Swift
2dzk2z7MXl0peRhBUsDq4d,Breathe,57,264960,false,2008-11-11,0.491,0.475,1,-7,1,0.0268,0.37,0.0,0.118,0.174,147.988,4,Taylor Swift
2hjGZ11huyuVc6Cnb2sM5h,Why,45,239760,false,2003-11-03,0.665,0.338,4,-7,1,0.0315,0.816,0.0,0.121,0.385,106.578,4,Avril Lavigne
2ls70nUDfjzm1lSRDuKxmw,Blank Space,68,231827,false,2014-01-01,0.752,0.678,5,-5,1,0.0646,0.085,1.64E-6,0.13,0.583,96.009,4,Taylor Swift
2nqio0SfWg6gh2eCtfuMa5,Fifteen (Taylor’s Version),79,294419,false,2021-04-09,0.559,0.646,7,-4,1,0.0272,0.116,0.0,0.32,0.289,95.466,4,Taylor Swift
2o0V0AATmWmCmMOAFWDuEV,Let Me Go (feat. Chad Kroeger),60,267973,false,2013-11-01,0.385,0.654,4,-6,1,0.0342,0.212,0.0,0.136,0.125,164.196,3,Avril Lavigne
2o2sgVJIgFXk8GQjWTgI6U,long story short,72,215920,false,2020-12-11,0.546,0.73,0,-7,1,0.0417,0.66,0.179,0.0972,0.573,157.895,4,Taylor Swift
2okho7vU7Nsq1UZD0kgIMi,Fearless,57,242000,false,2008-11-11,0.598,0.714,5,-4,1,0.0273,0.0364,1.04E-6,0.31,0.467,99.979,4,Taylor Swift
2wtHlpYSgC7xEdD3DrSHNL,The Lucky One,56,240133,false,2012-10-22,0.706,0.499,4,-7,1,0.0369,0.0371,0.0,0.132,0.545,117.937,4,Taylor Swift
2yLa0QULdQr0qAIvVwN6B5,...Ready For It?,73,208187,false,2017-11-10,0.613,0.764,2,-6,1,0.136,0.0527,0.0,0.197,0.417,160.015,4,Taylor Swift
2ythurkTtSiyfK7GprJoFW,Better Than Revenge,58,217160,false,2010-10-25,0.516,0.917,11,-3,0,0.0827,0.0139,6.37E-6,0.36,0.635,145.821,4,Taylor Swift
2zfgVd034GlUvk7LqBHl6u,I Know Places,59,195707,false,2014-10-27,0.602,0.755,0,-4,1,0.071,0.245,0.0,0.178,0.495,159.965,4,Taylor Swift
2zzxwmoOBnXDT0KnJsoIWk,Tied Together with a Smile,48,248107,false,2006-10-24,0.479,0.578,2,-4,1,0.0294,0.525,0.0,0.0841,0.192,146.165,4,Taylor Swift
31pEV5lPJi7btskZoUr2yu,I Almost Do,58,242573,false,2012-10-22,0.567,0.481,4,-7,1,0.027,0.0173,4.13E-5,0.182,0.233,145.865,4,Taylor Swift
34V9RiEPe8MNdU32qJsJa1,We Were Happy (Taylor’s Version) (From The Vault),76,244237,false,2021-04-09,0.609,0.373,0,-8,1,0.0263,0.849,0.0,0.0779,0.13,106.007,4,Taylor Swift
3Gfx0rvzSpxUwpaOwLSnPV,Crazier,42,192853,false,2009-01-01,0.453,0.541,4,-5,1,0.0272,0.0548,8.4E-6,0.106,0.18,133.044,3,Taylor Swift
3JhvYnOfKLJuWC7jEU0GmJ,You're Not Sorry,55,261800,false,2008-11-11,0.459,0.459,6,-4,1,0.0275,0.13,2.3E-6,0.113,0.281,134.018,4,Taylor Swift
3NKCWBT2uKp8rxSkcvIrdX,Forever & Always,57,225333,false,2008-11-11,0.605,0.829,10,-4,1,0.0549,0.0907,0.0,0.106,0.514,128.012,4,Taylor Swift
3OaBCFROgrLRbZGCFP6E3M,You Belong With Me,50,232120,false,2008-01-01,0.687,0.755,6,-4,1,0.0385,0.157,1.09E-5,0.093,0.45,129.973,4,Taylor Swift
3Uo7WG0vmLQ07WB4BDwy7D,willow,79,214707,false,2020-12-10,0.392,0.579,7,-9,1,0.164,0.835,0.00179,0.145,0.549,80.961,4,Taylor Swift
3bIxTsfeNMO7Nt2J3EUKrA,22,63,230133,false,2012-10-22,0.658,0.729,7,-6,1,0.0378,0.00215,0.0013,0.0752,0.668,104.007,4,Taylor Swift
3clsCV1f1E9u1Fge9ntulk,Alejandro,59,274213,false,2009-11-18,0.626,0.799,11,-6,0,0.046,3.58E-4,0.00155,0.36,0.369,98.992,4,Lady Gaga
3esA216TyLHEkNiBCeCmcg,The Best Day,56,245333,false,2008-11-11,0.666,0.434,1,-8,1,0.0289,0.647,1.95E-6,0.124,0.396,126.084,4,Taylor Swift
3fcOPNiuzOsjwaguaxrAon,When You're Gone - Acoustic Version,52,237533,false,2010-09-17,0.585,0.45,4,-4,0,0.0304,0.129,0.0,0.133,0.183,140.107,4,Avril Lavigne
3fthfkkvy9av3q3uAGVf7U,Shake It Off,59,219200,false,2014-10-27,0.647,0.8,7,-5,1,0.165,0.0647,0.0,0.334,0.942,160.078,4,Taylor Swift
3gFaNwyiafgUoQhR0pHYA9,Change,52,281053,false,2008-11-11,0.548,0.756,5,-4,1,0.036,0.00471,0.0,0.117,0.224,96.038,4,Taylor Swift
3lRSfCNYx9XvJdCL2JcdVa,Give You What You Like,57,225267,false,2013-11-01,0.618,0.527,5,-7,0,0.0266,0.443,0.0,0.111,0.386,78.97,4,Avril Lavigne
3n3S5cH3IyaOswY2XSUGTS,Venus,62,233720,true,2013-11-11,0.811,0.895,5,-4,0,0.0608,0.0267,0.0,0.104,0.736,121.01,4,Lady Gaga
3nRmDz7qGCvsMS30rGGY0x,Welcome To New York,58,212600,false,2014-01-01,0.789,0.634,7,-4,1,0.0323,0.0348,1.64E-6,0.302,0.658,116.992,4,Taylor Swift
3rnI1UCyGJvUTVvT97VQr5,Tell Me Why,56,200547,false,2008-11-11,0.604,0.855,7,-3,1,0.038,0.0571,3.65E-6,0.343,0.51,99.96,4,Taylor Swift
3uma4z6bJJxig2eUILcDbp,Mine,54,231867,false,2010-10-25,0.623,0.78,7,-2,1,0.0307,0.00342,2.07E-6,0.143,0.635,121.061,4,Taylor Swift
48A0aShHlovDfTMucMrE66,Begin Again,56,237613,false,2012-10-22,0.53,0.526,7,-8,1,0.0263,0.199,3.52E-6,0.232,0.323,79.025,4,Taylor Swift
4BYejINgfZF0qKDMEH2cim,Picture To Burn,52,173067,false,2006-10-24,0.658,0.877,7,-2,1,0.0323,0.173,0.0,0.0962,0.821,105.586,4,Taylor Swift
4E01sg2yWY3eh1fyppguBw,Ud i ukendt land,41,194960,false,2019-11-22,0.421,0.443,1,-7,1,0.04,0.814,0.0,0.137,0.311,79.815,3,AURORA
4L560fic5PaTuCFm6CviKa,This Love,61,250093,false,2014-01-01,0.481,0.435,4,-8,1,0.0321,0.678,0.0,0.0928,0.107,143.95,4,Taylor Swift
4ONlmL2EYEryaJzmh9fG1o,The Way I Loved You,40,245427,false,2008-01-01,0.446,0.705,5,-3,1,0.0335,0.0322,0.0,0.11,0.416,160.933,4,Taylor Swift
4R2kfaDFhslZEMJqAFNpdd,cardigan,83,239560,false,2020-07-24,0.613,0.581,0,-8,0,0.0424,0.537,3.45E-4,0.25,0.551,130.033,4,Taylor Swift
4e8HF8QcD4HlfgRT6TGDlO,Take Me Away,55,177600,false,2004-01-01,0.511,0.892,4,-2,0,0.0343,0.00138,2.9E-4,0.198,0.255,99.101,4,Avril Lavigne
4gLVsEaNMpzkCAM0hXgDoi,Alice - Extended Version,55,300987,false,2011-03-08,0.536,0.824,0,-4,1,0.0767,0.0458,1.99E-4,0.174,0.172,119.004,4,Avril Lavigne
4lIxdJw6W3Fg4vUIYCB0S5,Style,69,231000,false,2014-10-27,0.598,0.786,2,-5,1,0.0382,0.00256,0.00143,0.117,0.456,95.021,4,Taylor Swift
4pvb0WLRcMtbPGmtejJJ6y,exile (feat. Bon Iver),81,285634,false,2020-07-24,0.298,0.38,6,-8,1,0.0287,0.778,5.62E-5,0.11,0.152,75.602,4,Taylor Swift
4q57oGT90FfPHf7vWp32Ho,Judas,38,249067,false,2011-01-01,0.664,0.934,10,-3,0,0.0697,0.00108,2.77E-5,0.27,0.53,130.982,4,Lady Gaga
4qUijfYU8EoIWiY6oSyrgT,Bye Bye Baby (Taylor’s Version) (From The Vault),75,242158,false,2021-04-09,0.624,0.624,5,-7,1,0.0539,0.334,0.0,0.0995,0.527,80.132,4,Taylor Swift
4svZDCRz4cJoneBpjpx8DJ,I Did Something Bad,73,238253,false,2017-11-10,0.696,0.602,0,-6,0,0.159,0.0679,2.11E-5,0.0696,0.305,82.989,4,Taylor Swift
4t0OI7XrODjSkAu3bTPmWj,Fifteen,64,294333,false,2008-11-11,0.556,0.651,7,-4,1,0.0266,0.067,0.0,0.145,0.203,95.485,4,Taylor Swift
4wFUdSCer8bdQsrp1M90sa,Highway Don't Care,66,276880,false,2013-01-01,0.47,0.79,2,-5,1,0.039,0.0216,0.0,0.0863,0.495,158.061,4,Taylor Swift
4yQmDtjax2Ye9wY8EPAO1x,Judas,61,249067,false,2011-05-23,0.661,0.936,10,-3,0,0.0744,9.59E-4,1.45E-5,0.36,0.558,130.998,4,Lady Gaga
4yTqjWF2EoFJM5BbSCe4YW,Safe & Sound - from The Hunger Games Soundtrack,52,240067,false,2012-01-01,0.472,0.3,7,-10,1,0.028,0.883,1.04E-5,0.0698,0.289,144.317,4,Taylor Swift
57w0Uyk2jJAkO2hMJ36xJZ,Never Grow Up,44,290480,false,2010-01-01,0.715,0.308,2,-8,1,0.0305,0.829,0.0,0.16,0.547,124.899,4,Taylor Swift
59HjlYCeBsxdI0fcm3zglw,Wildest Dreams,73,220440,false,2014-10-27,0.553,0.664,8,-7,1,0.0741,0.0709,0.0056,0.106,0.467,140.06,4,Taylor Swift
5OndtwLGA9O6XHFcGm2H7r,Out Of The Woods,64,235800,false,2014-10-27,0.552,0.841,7,-6,1,0.0372,0.00103,1.23E-5,0.337,0.342,91.993,4,Taylor Swift
5OuP08bgU2H7ZeDQQFQ6q8,Innocence,59,232200,false,2007-04-17,0.389,0.711,1,-3,0,0.0343,0.148,0.0,0.202,0.337,137.756,4,Avril Lavigne
5YL553x8sHderRBDlm3NM3,White Horse (Taylor’s Version),78,234516,false,2021-04-09,0.423,0.517,0,-7,1,0.0486,0.369,0.0,0.177,0.366,185.262,4,Taylor Swift
5cMVLP0tC0uXA9MgkNmd32,Remember When,51,209240,false,2011-03-08,0.428,0.528,0,-6,1,0.0269,0.0275,5.7E-6,0.0753,0.165,148.07,4,Avril Lavigne
5d2Kn9oAAh9S2EbyCo1i52,Holy Ground,58,201853,false,2012-10-22,0.627,0.816,4,-6,1,0.0774,0.0162,0.00208,0.0966,0.648,157.043,4,Taylor Swift
5gRYrtvyVyaCRvLt56OfuV,I Wish You Would,60,207440,false,2014-01-01,0.653,0.893,0,-5,1,0.0538,0.0158,4.95E-5,0.102,0.513,118.035,4,Taylor Swift
5xEM5hIgJ1jjgcEBfpkt2F,Complicated,79,244507,false,2002-06-04,0.585,0.776,5,-5,1,0.0459,0.0572,7.74E-6,0.3,0.427,77.987,4,Avril Lavigne
5xTtaWoae3wi06K5WfVUUH,Shake It Off,72,219200,false,2014-10-27,0.648,0.785,7,-5,1,0.165,0.0561,0.0,0.148,0.943,160.02,4,Taylor Swift
69jnWw97sX1dYK2grPhyF9,You And I,31,307360,false,2011-01-01,0.521,0.701,2,-5,1,0.0458,0.0892,0.0,0.0876,0.518,127.087,4,Lady Gaga
6HdfSznwCYMh4F8sZMEOPg,Runaway,56,248827,false,2015-12-11,0.327,0.285,11,-10,1,0.045,0.618,7.75E-5,0.104,0.133,172.527,3,AURORA
6LZaxlycSWrJZ4Volb25qx,Mine,59,230707,false,2010-10-25,0.624,0.757,7,-2,1,0.0296,0.00265,1.87E-6,0.189,0.658,121.07,4,Taylor Swift
6MM22AtXB7I5gfTErMF0mJ,"Murder Song (5, 4, 3, 2, 1) - Acoustic",58,218667,false,2016-03-11,0.398,0.0887,9,-13,0,0.0334,0.902,1.76E-6,0.0873,0.356,74.797,4,AURORA
6TAdq4dNZx3JN2vm6Pr4hi,Bad Romance,48,294573,true,2009-11-18,0.696,0.921,0,-3,1,0.0363,0.00314,5.24E-5,0.0842,0.714,119.001,4,Lady Gaga
6VFpuI0DDmbC5UyWZQ4IRY,Girl At Home,53,220840,false,2012-10-22,0.733,0.59,5,-5,1,0.0284,0.272,0.0,0.134,0.633,125.048,4,Taylor Swift
6aJ0ipi4EPmu1aTbFeXZnw,Superman,48,276267,false,2010-01-01,0.582,0.817,7,-3,1,0.0337,0.0187,1.94E-6,0.101,0.547,131.983,4,Taylor Swift
6d9IiDcFxtFVIvt9pCqyGH,Sparks Fly,62,260933,false,2010-10-25,0.605,0.787,5,-3,1,0.0308,0.0396,1.42E-6,0.163,0.374,114.987,4,Taylor Swift
6iWMI5oOhWrDbLbjmwTWFq,Wonderland,60,245560,false,2014-10-27,0.422,0.692,3,-5,1,0.0549,0.0493,2.57E-5,0.177,0.197,184.014,4,Taylor Swift
6r2BECwMgEoRb5yLfp0Hca,Born This Way,69,260253,false,2011-01-01,0.587,0.828,11,-5,1,0.161,0.00327,0.0,0.331,0.494,123.907,4,Lady Gaga
6wcFdMmiDscAhZJrcVFumx,Hey Stephen,53,254320,false,2008-11-11,0.843,0.553,6,-7,1,0.0317,0.168,2.66E-6,0.107,0.825,115.997,4,Taylor Swift
6wfugRLamFsTRbPcCpNnP7,How You Get The Girl,59,247533,false,2014-10-27,0.765,0.656,5,-6,1,0.0504,0.00364,0.00868,0.0918,0.545,119.997,4,Taylor Swift
6z7fZRrQfOH3ZjWEkC4QhC,Hot,62,202973,false,2007-04-17,0.6,0.938,8,-3,1,0.0821,0.0173,0.0,0.355,0.469,144.951,4,Avril Lavigne
75NS6QgULqCwUKFVIWYJbW,Teardrops On My Guitar,34,194667,false,2010-01-01,0.521,0.549,10,-6,1,0.0262,0.0193,0.00576,0.119,0.209,99.963,4,Taylor Swift
77VotUUL79U10TAnYdqwvr,The Way I Loved You,56,244240,false,2008-11-11,0.436,0.712,5,-3,1,0.0329,0.0322,0.0,0.111,0.379,160.886,4,Taylor Swift
7DQmwd7zye9xvzMQJnD8S8,Tim McGraw,56,234547,false,2006-10-24,0.574,0.499,0,-6,1,0.0254,0.601,0.0,0.123,0.447,76.0,4,Taylor Swift
7Hqig8kp32q2Ire3ECQvWM,Paparazzi,69,208307,false,2008-01-01,0.762,0.692,5,-3,0,0.0438,0.113,0.0,0.094,0.397,114.906,4,Lady Gaga
7dZ1Odmx9jWIweQSatnRqo,Million Reasons,78,205280,false,2016-10-21,0.666,0.423,0,-8,1,0.043,0.494,0.0,0.106,0.154,129.89,4,Lady Gaga
7lmX3dD2Xy13Jo1oCTR4ot,The Best Damn Thing,57,189200,false,2007-04-17,0.555,0.943,2,-2,1,0.0891,0.00187,3.92E-5,0.151,0.882,165.027,4,Avril Lavigne
7snx7w5WZLHovS0xC45ZfP,Teardrops On My Guitar - Radio Single Remix,58,204707,false,2006-10-24,0.626,0.44,10,-6,1,0.0232,0.331,0.0,0.146,0.259,99.962,4,Taylor Swift
7wbATZinTGleK7zhZJs4Yq,You Belong With Me,32,231453,false,2008-11-11,0.688,0.765,6,-4,1,0.0387,0.16,1.78E-5,0.103,0.431,129.967,4,Taylor Swift
0GT5m0eIa0OATOECdQtcsk,Listen (featuring Avril Lavigne),52,218992,false,2017-01-11,0.442,0.907,1,-4,1,0.0551,0.0185,1.06E-5,0.199,0.439,168.091,4,Avril Lavigne
0JIdBrXGSJXS72zjF9ss9u,I'm Only Me When I'm With You,55,213053,false,2006-10-24,0.563,0.934,8,-3,1,0.0646,0.00452,8.07E-4,0.103,0.518,143.964,4,Taylor Swift
0JNdS1n0ifOP25XvhwAMgM,The Edge Of Glory,64,320587,false,2011-01-01,0.581,0.772,9,-6,1,0.0401,3.43E-4,0.0191,0.11,0.361,127.952,4,Lady Gaga
0L4YCNRfXAoTvdpWeH2RGj,Begin Again,61,237613,false,2012-10-22,0.53,0.526,7,-8,1,0.0263,0.199,3.52E-6,0.232,0.323,79.025,4,Taylor Swift
0PurA4JVJ8YQgSVopY8fn6,tolerate it,74,245440,true,2020-12-11,0.316,0.361,9,-10,1,0.0488,0.878,2.67E-5,0.0797,0.221,74.952,5,Taylor Swift
0SiywuOBRcynK0uKGWdCnn,Bad Romance,83,294573,true,2009-11-05,0.696,0.921,0,-3,1,0.0363,0.00314,5.24E-5,0.0842,0.714,119.001,4,Lady Gaga
0TcJ7QWpggdSg8t0fHThHm,LoveGame,64,216333,false,2008-01-01,0.894,0.678,6,-5,0,0.0523,0.00569,2.43E-6,0.317,0.844,105.024,4,Lady Gaga
0TvQLMecTE8utzoNmvXRbK,Bad Blood,70,211933,false,2014-01-01,0.652,0.802,7,-6,1,0.181,0.0871,6.45E-6,0.148,0.295,170.157,4,Taylor Swift
0VE4kBnHJUgtMf0dy6DRmW,Getaway Car,75,233627,false,2017-11-10,0.562,0.689,2,-6,1,0.127,0.00465,2.23E-6,0.0888,0.351,172.054,4,Taylor Swift
0XfOV7qY3834QpFVwOb6CC,Treacherous,58,240773,false,2012-10-22,0.705,0.621,2,-8,1,0.0334,0.101,4.3E-6,0.147,0.395,109.993,4,Taylor Swift
0cZDC7uxNK8lqQ3GgyvCnD,Nobody's Home,63,212413,false,2004-01-01,0.348,0.907,5,-3,0,0.0497,5.16E-4,0.0,0.161,0.177,185.406,4,Avril Lavigne
0dAb8TY433dl3ZfXYCLE19,All You Had To Do Was Stay,61,193293,false,2014-10-27,0.602,0.735,5,-5,1,0.0337,0.00196,4.77E-5,0.105,0.472,96.969,4,Taylor Swift
0fM9dEhUFV4MHDuJgrcfOv,How You Get The Girl,61,247533,false,2014-01-01,0.765,0.656,5,-6,1,0.0504,0.00364,0.00868,0.0918,0.545,119.997,4,Taylor Swift
0hK93KD6Y0j9giUGh4Valj,Ours,55,238173,false,2010-01-01,0.61,0.556,0,-7,1,0.0285,0.505,0.0,0.0851,0.192,159.838,4,Taylor Swift
0lmMtDQ2ElasKU2qDAE6NN,All You Had To Do Was Stay,57,193293,false,2014-10-27,0.605,0.725,5,-5,1,0.0323,0.00201,2.02E-5,0.101,0.539,96.97,4,Taylor Swift
0lx2cLdOt3piJbcaXIV74f,willow,85,214707,false,2020-12-11,0.392,0.574,7,-9,1,0.17,0.833,0.00179,0.145,0.529,81.112,4,Taylor Swift
0qUnBLZ8bJqUNEeQgayL9t,Out Of The Woods,67,235800,false,2014-01-01,0.553,0.841,7,-6,1,0.0396,7.43E-4,1.19E-5,0.341,0.338,92.008,4,Taylor Swift
0tr6XR58KBdDYd8qvHVTs8,Back To December,50,293040,false,2010-01-01,0.517,0.606,2,-5,1,0.0289,0.0202,0.0,0.324,0.296,141.929,4,Taylor Swift
0z9UVN8VBHJ9HdfYsOuuNf,Safe & Sound - from The Hunger Games Soundtrack,66,240067,false,2012-01-01,0.471,0.3,7,-10,1,0.028,0.883,1.05E-5,0.0698,0.289,144.319,4,Taylor Swift
19CSr8rwW05VJL2F91KFNK,ivy,73,260440,true,2020-12-11,0.515,0.545,2,-9,1,0.0353,0.855,1.97E-5,0.0921,0.535,88.856,4,Taylor Swift
1D27z8xNzjW0Mwwt1NCWhJ,Last Kiss,59,367133,false,2010-10-25,0.371,0.341,10,-9,1,0.0319,0.57,3.09E-5,0.101,0.196,89.038,1,Taylor Swift
1GeLxMgpeCnMJntwyW6rLw,Dear John,48,403888,false,2010-01-01,0.583,0.468,4,-5,1,0.0278,0.183,1.65E-6,0.111,0.126,119.375,3,Taylor Swift
1P17dC1amhFzptugyAO7Il,Look What You Made Me Do,77,211853,false,2017-11-10,0.766,0.709,9,-6,0,0.123,0.204,1.41E-5,0.126,0.506,128.07,4,Taylor Swift
1R0a2iXumgCiFb7HEZ7gUE,Don’t Blame Me,73,236413,false,2017-11-10,0.615,0.534,9,-6,0,0.0386,0.106,1.76E-5,0.0607,0.193,135.917,4,Taylor Swift
1XjHRolIXL2M1EEOUsGGR4,cowboy like me,71,275040,true,2020-12-11,0.604,0.517,0,-9,1,0.0347,0.768,1.55E-4,0.123,0.511,127.967,4,Taylor Swift
1ZY1PqizIl78geGM4xWlEA,Gorgeous,72,209680,false,2017-11-10,0.8,0.535,7,-6,1,0.135,0.0713,9.48E-6,0.213,0.451,92.027,4,Taylor Swift
1eyqSYBCTane4rl4vc6PWJ,I Almost Do,59,244560,false,2012-10-22,0.567,0.481,4,-7,1,0.027,0.0173,4.13E-5,0.182,0.233,145.865,4,Taylor Swift
1fs2Dab8RbaOfbLvaiOsX7,Teeth,40,220693,false,2009-01-01,0.713,0.833,11,-5,1,0.0487,0.0286,0.0,0.0868,0.55,96.012,4,Lady Gaga
1fzAuUVbzlhZ1lJAx9PtY6,Daylight,68,293453,false,2019-08-23,0.557,0.496,0,-9,1,0.0563,0.808,1.73E-4,0.0772,0.265,149.983,4,Taylor Swift
1jlG3KJ3gdYmhfuySFfpO1,I'm with You,73,223067,false,2002-06-04,0.457,0.406,9,-7,1,0.0291,0.08,0.0,0.117,0.208,151.95,3,Avril Lavigne
1kKlhuQE0HXp1IwBRpaH2P,Shake It Off,60,219200,false,2014-01-01,0.648,0.785,7,-5,1,0.165,0.0561,0.0,0.148,0.943,160.02,4,Taylor Swift
1kTPQnabROVkW9bUXdCGrB,This Love,58,250093,false,2014-10-27,0.481,0.435,4,-8,1,0.0321,0.678,0.0,0.0928,0.107,143.95,4,Taylor Swift
1msEuwSBneBKpVCZQcFTsU,Forever & Always (Taylor’s Version),77,225328,false,2021-04-09,0.598,0.821,10,-4,1,0.0447,0.0231,0.0,0.143,0.673,128.03,4,Taylor Swift
1n8rB9AhxiAvVP1E2c3yOd,Come Back...Be Here,56,223920,false,2012-10-22,0.483,0.548,4,-6,1,0.0254,0.00471,2.01E-6,0.0997,0.217,79.926,4,Taylor Swift
1q8E1FfFuhd12c5JcJwPxQ,Sparks Fly,60,260933,false,2010-10-25,0.605,0.787,5,-3,1,0.0308,0.0396,1.42E-6,0.163,0.374,114.987,4,Taylor Swift
1vrd6UOGamcKNGnSHJQlSt,Love Story,72,235267,false,2008-11-11,0.618,0.741,2,-3,1,0.031,0.17,0.0,0.0822,0.296,118.984,4,Taylor Swift
1yACRKAwlXWhXXFUSkvzhD,Change,54,280240,false,2008-11-11,0.541,0.77,5,-4,1,0.0354,0.00408,0.0,0.117,0.215,96.013,4,Taylor Swift
1yDJcXc549N6AabNBzFAku,The Other Side Of The Door,53,237600,false,2008-11-11,0.476,0.816,4,-4,1,0.0347,0.169,0.0,0.238,0.469,163.847,4,Taylor Swift
1yFjBRQVhRdcdnrTE5LuyD,White Horse,44,233560,false,2008-11-11,0.587,0.342,0,-8,1,0.0257,0.298,0.0,0.106,0.212,92.71,4,Taylor Swift
1zxrcAk6eiytfavqriMcKT,Forever & Always,54,225333,false,2008-11-11,0.605,0.829,10,-4,1,0.0549,0.0907,0.0,0.106,0.514,128.012,4,Taylor Swift
28M2gifMU282QBM3fKajIS,Haunted,54,242080,false,2010-10-25,0.436,0.95,5,-2,1,0.057,0.0826,1.08E-6,0.149,0.352,162.088,4,Taylor Swift
2EHgqyt61d2qgt0e4RnX6s,Running With The Wolves,27,194760,false,2016-04-22,0.531,0.568,5,-5,1,0.0571,0.253,7.7E-5,0.26,0.438,164.127,4,AURORA
2Eeur20xVqfUoM3Q7EFPFt,the last great american dynasty,74,230999,true,2020-07-24,0.686,0.662,7,-8,1,0.0413,0.467,0.0023,0.109,0.706,147.922,4,Taylor Swift
2Fn01AIMyHbha2ceNQeOqw,Tim McGraw,50,232107,false,2006-10-24,0.58,0.491,0,-6,1,0.0251,0.575,0.0,0.121,0.425,76.009,4,Taylor Swift
2IZ00ed83ygPIiacYScWUE,Untouchable,54,311040,false,2008-11-11,0.419,0.454,5,-6,1,0.0335,0.0583,3.78E-6,0.0974,0.288,200.017,4,Taylor Swift
2KrOAg6FftbjgSKdd2a4rS,You Are In Love,61,267107,false,2014-01-01,0.474,0.48,2,-8,1,0.0622,0.707,1.08E-4,0.0903,0.319,170.109,4,Taylor Swift
2LA4v20vokK9Uaj7WEEMaf,Losing Grip,60,233760,false,2002-06-04,0.534,0.888,8,-4,0,0.0972,0.00128,6.15E-6,0.0772,0.582,158.368,4,Avril Lavigne
2NlmmAjGYrrjAp0MED5rGx,Bad Blood,59,211933,false,2014-01-01,0.646,0.794,7,-6,1,0.19,0.0885,6.16E-6,0.201,0.287,170.216,4,Taylor Swift
2QA3IixpRcKyOdG7XDzRgv,The Outside,51,207107,false,2006-10-24,0.589,0.805,5,-4,1,0.0293,0.00491,0.0,0.24,0.591,112.982,4,Taylor Swift
2QrQCMel6v2JiLxqrg4p2O,Mary's Song (Oh My My My),55,213080,false,2006-10-24,0.403,0.627,2,-5,1,0.0292,0.0177,0.0,0.182,0.374,74.9,4,Taylor Swift
2Rk4JlNc2TPmZe2af99d45,ME! (feat. Brendon Urie of Panic! At The Disco),80,193000,false,2019-08-23,0.61,0.83,0,-4,1,0.0571,0.033,0.0,0.118,0.728,182.162,4,Taylor Swift
2VxeLyX666F8uXCJ0dZF8B,Shallow,86,215733,false,2018-10-05,0.572,0.385,7,-6,1,0.0308,0.371,0.0,0.231,0.323,95.799,4,Lady Gaga
2WgyOP8Z1D6GQYumCwH4Dk,Monster,58,249280,true,2009-11-05,0.694,0.801,9,-4,0,0.0441,0.00124,0.0,0.479,0.646,119.969,4,Lady Gaga
2YjKcFQ1vYFhQPgsmCOjss,Haunted,56,242093,false,2010-01-01,0.434,0.944,5,-2,1,0.0581,0.0769,0.0,0.151,0.361,162.02,4,Taylor Swift
2dgFqt3w9xIQRjhPtwNk3D,Death By A Thousand Cuts,71,198533,false,2019-08-23,0.712,0.732,4,-6,1,0.0629,0.454,0.0,0.319,0.313,94.071,4,Taylor Swift
2m3ObD945KvpE5y9A1eUWm,Jump Then Fall (Taylor’s Version),75,237580,false,2021-04-09,0.572,0.69,2,-6,1,0.0358,0.0474,0.0,0.0897,0.624,160.111,4,Taylor Swift
2z4U9d5OAA4YLNXoCgioxo,What the Hell,77,220707,false,2011-03-08,0.578,0.926,6,-3,0,0.0548,0.00472,0.0127,0.14,0.877,149.976,4,Avril Lavigne
2zVV1TUD5ymZMJ3JaB8fUu,Naked,49,208667,false,2002-06-04,0.515,0.772,4,-6,0,0.035,0.00335,0.0,0.0987,0.46,81.905,4,Avril Lavigne
30oulfBS2vZcq1wQZPXlQo,Forever & Always,37,226293,false,2008-01-01,0.604,0.828,10,-4,1,0.0629,0.0871,0.0,0.106,0.515,128.024,4,Taylor Swift
34oB5r0lcN3fYWCs2uA1k5,The Cure,68,211364,false,2017-04-16,0.697,0.506,8,-4,1,0.0325,0.0792,0.0,0.0893,0.516,100.002,4,Lady Gaga
36ebL42b6QAqitgzbkIjw5,Speechless,41,270827,false,2009-01-01,0.386,0.697,0,-4,1,0.0383,0.436,0.0,0.337,0.407,145.091,4,Lady Gaga
396WOfbkqKaXYFwx6XjdOF,Fall To Pieces,56,208680,false,2004-01-01,0.432,0.9,0,-2,1,0.0447,0.00248,0.0,0.631,0.486,178.086,4,Avril Lavigne
3CI1f4yLwdHzcUnH7o0Xyh,Hey Stephen,56,254320,false,2008-11-11,0.843,0.553,6,-7,1,0.0317,0.168,2.66E-6,0.107,0.825,115.997,4,Taylor Swift
3D3B7vahQasg8rdAYrEbNT,Mobile,52,211933,false,2002-06-04,0.593,0.726,9,-6,1,0.0298,0.00116,0.00495,0.111,0.634,100.412,4,Avril Lavigne
3DrjZArsPsoqbLzUZZV1Id,Back To December,65,293027,false,2010-10-25,0.529,0.67,2,-4,1,0.0303,0.117,0.0,0.334,0.286,141.893,4,Taylor Swift
3GCL1PydwsLodcpv0Ll1ch,You Belong With Me,72,231133,false,2008-11-11,0.687,0.783,6,-4,1,0.0386,0.162,1.35E-5,0.114,0.443,129.964,4,Taylor Swift
3HhAZV8ngUOOt4eUHovhud,The Fame,51,222107,false,2008-01-01,0.816,0.694,5,-3,1,0.0504,0.0296,1.48E-5,0.035,0.966,127.021,4,Lady Gaga
3JilapcaOXzjR9gtvCY8FO,Never Grow Up,55,290480,false,2010-01-01,0.715,0.308,2,-8,1,0.0305,0.829,0.0,0.16,0.547,124.899,4,Taylor Swift
3KmYVOuK2eG7LGP7qQ8DLR,Holy Ground,58,202960,false,2012-10-22,0.627,0.816,4,-6,1,0.0774,0.0162,0.00208,0.0965,0.648,157.043,4,Taylor Swift
3MzuXxZE0yAT3ypwNVfmBJ,Telephone,49,220627,false,2009-01-01,0.825,0.832,5,-5,0,0.0403,0.00587,7.89E-4,0.114,0.713,122.021,4,Lady Gaga
3RauEVgRgj1IuWdJ9fDs70,The Man,78,190360,false,2019-08-23,0.777,0.658,0,-5,1,0.054,0.0767,0.0,0.0901,0.633,110.048,4,Taylor Swift
3WC5CVAahvn98hiseoIvbw,22,62,232120,false,2012-10-22,0.661,0.729,7,-6,1,0.0376,0.00215,0.0013,0.0477,0.668,103.987,4,Taylor Swift
3Z1kZKYfRC8iRXnYeC5sCJ,Everything Has Changed,68,245413,false,2012-10-22,0.624,0.458,6,-6,1,0.0287,0.36,3.89E-6,0.311,0.436,80.016,4,Taylor Swift
3bwMNtgSFJkFUMzjVonGSv,Tuntemattomaan,41,194867,false,2019-11-22,0.454,0.391,10,-7,0,0.0346,0.869,4.49E-4,0.137,0.408,105.607,4,AURORA
3hUxzQpSfdDqwM3ZTFQY0K,august,77,261923,false,2020-07-24,0.532,0.623,5,-9,1,0.0331,0.538,7.28E-5,0.0925,0.403,89.937,4,Taylor Swift
3i9UVldZOE0aD0JnyfAZZ0,Lover (Remix) [feat. Shawn Mendes],74,221307,false,2019-11-13,0.448,0.603,7,-7,1,0.064,0.433,0.0,0.0862,0.422,205.272,3,Taylor Swift
3nH2w4Q9yths31lC9C26fT,Things I'll Never Say,58,223867,false,2002-06-04,0.573,0.806,2,-5,1,0.0326,5.98E-4,5.28E-6,0.142,0.589,101.998,4,Avril Lavigne
3pHkh7d0lzM2AldUtz2x37,The Archer,70,211240,false,2019-08-23,0.292,0.574,0,-9,1,0.0401,0.12,0.00569,0.0663,0.166,124.344,4,Taylor Swift
3r9bgSJlJz2zlevcBRYXko,Both of Us (feat. Taylor Swift),57,216120,true,2012-04-27,0.677,0.722,7,-7,1,0.0522,0.0213,0.0,0.207,0.0483,125.091,4,Taylor Swift
46NGAvL695VnbcSeTmQWmM,Sparks Fly,61,260947,false,2010-01-01,0.608,0.785,5,-2,1,0.0311,0.0387,0.0,0.158,0.376,114.985,4,Taylor Swift
49mWEy5MgtNujgT7xU3emT,Breathe,56,263973,false,2008-11-11,0.505,0.482,1,-7,1,0.0276,0.379,0.0,0.113,0.184,73.975,4,Taylor Swift
4A2LfnduSTsE8u0ecYROxE,You Are In Love,60,267107,false,2014-10-27,0.474,0.48,2,-8,1,0.0622,0.707,1.08E-4,0.0903,0.319,170.109,4,Taylor Swift
4A4A6dwl5DqdqrZaEtKGPR,Wildest Dreams,62,220440,false,2014-01-01,0.55,0.688,8,-7,1,0.0897,0.0692,0.00144,0.106,0.465,139.997,4,Taylor Swift
4A7EkKijzA4ryEoCRWJzdG,I'll Never Love Again - Film Version,70,281067,false,2018-10-05,0.451,0.34,7,-7,1,0.031,0.763,2.49E-6,0.135,0.221,110.502,4,Lady Gaga
4D7kxLhSz7siCOw7KA5rQn,Style,51,231000,false,2014-10-27,0.588,0.791,7,-5,1,0.0402,0.00245,0.00258,0.118,0.487,94.933,4,Taylor Swift
4N60XfcTE1ysLZGbYgnYXq,Mean,56,237733,false,2010-10-25,0.568,0.761,4,-3,1,0.0459,0.452,0.0,0.217,0.789,163.974,4,Taylor Swift
4NAmRvqSITAAzKWnC8yRq3,Everything Has Changed,62,243933,false,2012-10-22,0.624,0.458,6,-6,1,0.0287,0.36,3.89E-6,0.303,0.436,80.017,4,Taylor Swift
4QhjEJ2o6QNwpZGs51AmiY,White Horse,60,235413,false,2008-11-11,0.58,0.357,0,-8,1,0.027,0.324,0.0,0.101,0.212,92.598,4,Taylor Swift
4WXzzCof26KJLTK5kK53dS,Hey Stephen,59,254307,false,2008-11-11,0.841,0.544,6,-7,1,0.0309,0.194,2.48E-6,0.108,0.831,115.994,4,Taylor Swift
4bXCcoesMt8u99xMsbLr9U,Clean,63,271000,false,2014-10-27,0.815,0.377,4,-7,1,0.0346,0.232,0.0,0.1,0.211,103.97,4,Taylor Swift
4h0EXpatqJImv4VRgvX6po,Last Kiss,54,367133,false,2010-10-25,0.371,0.341,10,-9,1,0.0319,0.57,3.09E-5,0.101,0.196,89.038,1,Taylor Swift
4jPtq9shRdUv8Zjr0a5xkD,White Horse,54,234440,false,2008-11-11,0.585,0.346,0,-8,1,0.0256,0.302,0.0,0.102,0.195,92.564,4,Taylor Swift
4kgTdThcDHfuDS2kKxB7Lc,You Belong With Me,63,231147,false,2008-11-11,0.687,0.771,6,-4,1,0.0384,0.164,2.46E-5,0.112,0.445,129.964,4,Taylor Swift
4liFTpYparE2zEUp2GfG64,Poker Face,36,238907,false,2020-10-23,0.851,0.818,4,-4,1,0.0789,0.112,2.94E-6,0.0945,0.808,119.006,4,Lady Gaga
4lwavw59UjXUPJZtKNdFYp,Alejandro,64,274213,false,2009-08-05,0.626,0.799,11,-6,0,0.046,3.58E-4,0.00155,0.36,0.369,98.992,4,Lady Gaga
4qTAwKJQ68gmnrnfPD3vlO,The Moment I Knew,55,286613,false,2012-10-22,0.619,0.506,7,-7,1,0.0315,0.187,1.47E-5,0.101,0.274,126.03,4,Taylor Swift
4rXsapBjwYiYffFPW7G4zr,Runaway,63,248827,false,2016-08-26,0.422,0.302,11,-9,1,0.0372,0.629,7.83E-5,0.104,0.123,114.089,4,AURORA
4x3XzqDLZbRF7Ap6MIaJ9a,Bad Romance,54,294467,false,2009-11-18,0.693,0.924,0,-3,1,0.0392,0.0034,4.4E-5,0.0926,0.715,118.983,4,Lady Gaga
4yBEU0askBZzE2XEVdEwmx,Red,64,223093,false,2012-10-22,0.602,0.896,1,-4,0,0.0437,0.0773,8.87E-5,0.0911,0.641,124.978,4,Taylor Swift
4yf9OivCH2lmQWN8mzpCC6,Fifteen,44,294307,false,2008-11-11,0.555,0.648,7,-4,1,0.027,0.072,0.0,0.143,0.207,95.431,4,Taylor Swift
550erGcdD9n6PnwxrvYqZT,Hey Stephen (Taylor’s Version),78,254255,false,2021-04-09,0.788,0.571,6,-6,1,0.0296,0.106,0.0,0.0934,0.797,115.99,4,Taylor Swift
5VQLMrWhailAhErKNUSnv1,The Lucky One,56,240267,false,2012-10-22,0.706,0.499,4,-7,1,0.0369,0.0371,0.0,0.132,0.545,117.937,4,Taylor Swift
5aNkiOMxQXkpoEY5bTYoCh,Back To December,43,293040,false,2010-01-01,0.525,0.676,2,-4,1,0.0294,0.113,0.0,0.294,0.281,141.95,4,Taylor Swift
5tSmAABuoOfR59lrtXdDqm,If This Was A Movie,52,234547,false,2010-01-01,0.515,0.724,4,-3,1,0.0267,0.154,4.05E-6,0.269,0.257,147.788,4,Taylor Swift
5vyxXfD5gLlyPxGZMEjtmd,Crazier,63,191947,false,2009-01-01,0.452,0.544,4,-5,1,0.0277,0.0631,5.33E-6,0.104,0.158,133.042,3,Taylor Swift
5xPsybHWRHbTYO44xnREY5,Love Story,52,233933,false,2008-11-11,0.62,0.639,2,-5,1,0.0285,0.0186,1.1E-4,0.206,0.34,119.055,4,Taylor Swift
5yEPktRqvIhko5QFF3aBhQ,Mean,65,237733,false,2010-10-25,0.568,0.761,4,-3,1,0.0459,0.452,0.0,0.217,0.789,163.974,4,Taylor Swift
5zyCYmiaVE5y26EZuwZbsw,State Of Grace,59,295187,false,2012-10-22,0.588,0.825,4,-5,1,0.0328,1.97E-4,0.00138,0.0885,0.397,129.968,4,Taylor Swift
60hGQrn24APqEFSLObLeDc,Highway Don't Care,57,279067,false,2013-01-01,0.477,0.79,2,-5,1,0.0394,0.0261,0.0,0.0841,0.505,157.797,4,Taylor Swift
670fUmXf4KQekzbEgaXyPA,dorothea,71,225880,false,2020-12-11,0.605,0.488,4,-8,1,0.0264,0.696,0.0,0.129,0.354,119.966,4,Taylor Swift
6CdaXOq1MWe2JHDalTG01d,Should've Said No,52,242200,false,2006-10-24,0.476,0.777,4,-3,0,0.0289,0.0103,0.0,0.196,0.472,167.964,4,Taylor Swift
6Ck9WerfsyvC4v4AylUoDp,I Know Places,58,195707,false,2014-01-01,0.595,0.763,0,-4,1,0.0661,0.231,0.0,0.2,0.507,159.959,4,Taylor Swift
6DvgsZ0NiEPV9qYM931T1F,Telephone,62,220627,false,2009-11-18,0.825,0.832,5,-5,0,0.0403,0.00587,7.89E-4,0.114,0.713,122.021,4,Lady Gaga
6Eu31gddWw0gOGO506pJYA,Fearless,64,241987,false,2008-11-11,0.594,0.712,5,-4,1,0.0273,0.04,0.0,0.309,0.476,99.972,4,Taylor Swift
6GNRkaWUB0Lwc19SdkTgx8,All Too Well,71,329160,false,2012-10-22,0.602,0.609,0,-7,1,0.0243,0.0382,2.0E-4,0.128,0.337,93.06,4,Taylor Swift
6K0CJLVXqbGMeJSmJ4ENKK,Tied Together with a Smile,52,248107,false,2006-10-24,0.479,0.578,2,-4,1,0.0294,0.525,0.0,0.0841,0.192,146.165,4,Taylor Swift
6KJqZcs9XDgVck7Lg9QOTC,seven,72,208907,false,2020-07-24,0.596,0.488,4,-10,1,0.0274,0.9,2.7E-5,0.091,0.415,94.926,4,Taylor Swift
6ON9UuIq49xXY9GPmHIYRp,The Best Day (Taylor’s Version),75,245290,false,2021-04-09,0.642,0.576,1,-8,1,0.0282,0.488,0.0,0.159,0.469,125.0,4,Taylor Swift
6Qh10T7u43YciJsJa99R3v,Dance In The Dark,56,288960,true,2009-11-05,0.639,0.751,0,-6,0,0.0324,2.96E-5,4.9E-5,0.163,0.13,120.992,4,Lady Gaga
6R6ZoHTypt5lt68MWbzZXv,Sour Candy (with BLACKPINK),74,157707,false,2020-05-28,0.752,0.87,9,-3,0,0.0623,0.0604,1.12E-5,0.489,0.784,120.006,4,Lady Gaga
6RRNNciQGZEXnqk8SQ9yv5,You Need To Calm Down,81,171360,false,2019-08-23,0.771,0.671,2,-5,1,0.0553,0.00929,0.0,0.0637,0.714,85.026,4,Taylor Swift
6RvRzl1YJTDnUvdOtV21IK,Wonderland,61,245560,false,2014-01-01,0.422,0.692,3,-5,1,0.0549,0.0493,2.57E-5,0.177,0.197,184.014,4,Taylor Swift
6S9G7J3EB1ZY0rrZPwsBg5,Breathe,55,263987,false,2008-11-11,0.498,0.486,1,-7,1,0.0273,0.373,0.0,0.113,0.17,147.952,4,Taylor Swift
6STHWwMa2vbr1nKArQH7hd,Anything but Ordinary,57,251493,false,2002-06-04,0.652,0.671,9,-5,0,0.0372,0.0374,0.0,0.0856,0.635,123.004,4,Avril Lavigne
6aLOekfwbytwWvQftxTEF0,All You Had To Do Was Stay,58,193293,false,2014-01-01,0.605,0.725,5,-5,1,0.0323,0.00201,2.02E-5,0.101,0.539,96.97,4,Taylor Swift
6aQrB8kaWyaCj9RYB7Rh5L,Fifteen,58,295333,false,2008-11-11,0.55,0.64,7,-4,1,0.0266,0.0687,0.0,0.131,0.197,95.487,4,Taylor Swift
6iiAfo4wTA2CVC3Uwx9uh8,You’re Not Sorry (Taylor’s Version),77,261843,false,2021-04-09,0.506,0.444,6,-4,1,0.0285,0.0538,0.0,0.123,0.241,133.873,4,Taylor Swift
6nCDnzErqalOaIY3EJM8NK,Telephone,59,220627,false,2009-01-01,0.825,0.832,5,-5,0,0.0403,0.00587,7.89E-4,0.114,0.713,122.021,4,Lady Gaga
6oVxXO5oQ4pTpO8RSnkzvv,Dress,69,230373,false,2017-11-10,0.719,0.469,0,-8,1,0.0533,0.0329,0.0,0.169,0.0851,120.085,4,Taylor Swift
6ovFJkdau79DuXEvQjPaNH,Untouchable,54,311040,false,2008-11-11,0.419,0.454,5,-6,1,0.0335,0.0583,3.78E-6,0.0974,0.288,200.017,4,Taylor Swift
6qI0MU175Dk2DeoUjlrOpy,911,74,172133,false,2020-05-29,0.789,0.813,5,-4,1,0.0374,0.0294,2.07E-6,0.519,0.42,116.007,4,Lady Gaga
6rkAY9rk1NTFB94QxG3LJR,You And I,60,307347,false,2011-01-01,0.518,0.709,2,-5,1,0.0476,0.075,0.0,0.0935,0.514,127.083,4,Lady Gaga
6xsEAm6w9oMQYYg3jkEkMT,Bad Blood,69,200107,false,2015-05-17,0.654,0.655,11,-7,0,0.106,0.0294,0.0,0.139,0.221,170.16,4,Taylor Swift
6zV8AVM9eVfdG7Qahwd64R,Fearless,46,242373,false,2008-11-11,0.593,0.705,5,-4,1,0.0269,0.0449,0.0,0.309,0.472,100.11,4,Taylor Swift
71GieY2cMEh4s7Unv00gnw,I Went Too Far - MK Remix / Radio Version,54,237070,false,2016-07-15,0.676,0.762,7,-6,0,0.0363,0.0437,0.00827,0.122,0.389,120.042,4,AURORA
7AEAGTc8cReDqcbPoY9gwo,We Are Never Ever Getting Back Together,67,191880,false,2012-10-22,0.628,0.676,7,-5,1,0.0916,0.00957,2.65E-5,0.102,0.75,85.984,4,Taylor Swift
7ARgHV20qAFcy1UoNcaCB0,New Romantics,41,230467,false,2014-10-27,0.633,0.889,5,-5,1,0.0715,0.00463,4.58E-4,0.0658,0.584,121.956,4,Taylor Swift
7BFc7ffruhZ4Hecnqf5xju,Long Live,47,317960,false,2010-01-01,0.412,0.682,7,-4,1,0.0339,0.0426,7.47E-5,0.106,0.146,203.959,4,Taylor Swift
7CzxXgQXurKZCyHz9ufbo1,I'm Only Me When I'm With You,51,213053,false,2006-10-24,0.563,0.934,8,-3,1,0.0646,0.00452,8.07E-4,0.103,0.518,143.964,4,Taylor Swift
7DD8qTaVpHeQokj2YzJJVX,Bad Romance,0,294573,true,2021-04-12,0.695,0.921,0,-3,1,0.0363,0.00314,5.26E-5,0.0842,0.714,119.007,4,Lady Gaga
7EpVQjqtKygiwJIASxMWNg,Out Of The Woods,55,235800,false,2014-01-01,0.552,0.841,7,-6,1,0.0372,0.00103,1.23E-5,0.337,0.342,91.993,4,Taylor Swift
7HC7R2D8WjXVcUHJyEGjRs,Breathe (feat. Colbie Caillat) (Taylor’s Version),77,263377,false,2021-04-09,0.506,0.626,1,-6,1,0.0287,0.156,0.0,0.228,0.321,148.035,4,Taylor Swift
7I7JbDv63ZJJsSi24DyJrz,Dancing With Our Hands Tied,69,211507,false,2017-11-10,0.624,0.691,0,-6,0,0.196,0.0604,1.1E-5,0.138,0.284,160.024,4,Taylor Swift
7MbT4I8qGntX4fMdqMQgke,peace,70,234000,true,2020-07-24,0.647,0.272,5,-12,1,0.0916,0.918,1.73E-5,0.0918,0.339,150.044,4,Taylor Swift
7aMftpNNJiQj1c2rllc8Dk,Welcome To New York,40,212600,false,2014-10-27,0.789,0.634,7,-4,1,0.0323,0.0348,1.64E-6,0.302,0.658,116.992,4,Taylor Swift
7dlofsE0pZhXBZR6hqhaVu,The Story Of Us,52,267653,false,2010-10-25,0.542,0.808,4,-3,1,0.038,0.00463,4.79E-4,0.0587,0.666,139.907,4,Taylor Swift
7gJtmLyPTwKzhGzMBXtuXH,Red,62,223093,false,2012-10-22,0.602,0.896,1,-4,0,0.0437,0.0773,8.87E-5,0.0911,0.641,124.978,4,Taylor Swift
7hZuICN5eaCuQyp443RCt6,Dear John,56,403920,false,2010-10-25,0.589,0.47,4,-5,1,0.028,0.166,1.45E-6,0.112,0.102,119.386,3,Taylor Swift
7ju97lgwC2rKQ6wwsf9no9,Rain On Me (with Ariana Grande),80,182200,false,2020-05-29,0.672,0.855,9,-3,1,0.0397,0.021,0.0,0.323,0.646,123.056,4,Lady Gaga
7rqMFBawnvxyyj3nA1iaUV,Shake It Off,40,219200,false,2014-10-27,0.647,0.8,7,-5,1,0.165,0.0647,0.0,0.334,0.942,160.078,4,Taylor Swift
7skiELMb9SiQCcBpsExIJf,Treacherous - Original Demo Recording,50,240267,false,2012-10-22,0.828,0.64,2,-8,1,0.0355,0.175,6.14E-5,0.0991,0.519,109.993,4,Taylor Swift
7vBlnGdfOLzVEqiOQQxeU8,The Story Of Us,49,265636,false,2010-01-01,0.575,0.855,9,-4,1,0.0467,3.15E-4,0.00161,0.0419,0.84,139.92,4,Taylor Swift
7vTCIwHvCT3zMmtYBo0uff,How Does It Feel,47,224933,false,2004-01-01,0.646,0.583,0,-4,1,0.026,0.0209,2.4E-6,0.119,0.339,118.055,4,Avril Lavigne
7yBbV2k2S2uhaQc24NF2xt,Stupid Love,78,193533,false,2020-05-29,0.68,0.825,8,-4,1,0.0702,0.00173,1.22E-4,0.27,0.784,117.987,4,Lady Gaga
7zMcNqs55Mxer82bvZFkpg,Teardrops On My Guitar - Radio Single Remix,66,203040,false,2006-10-24,0.621,0.417,10,-6,1,0.0231,0.288,0.0,0.119,0.289,99.953,4,Taylor Swift
00Mb3DuaIH1kjrwOku9CGU,Sk8er Boi,78,204000,false,2002-06-04,0.487,0.9,0,-4,1,0.0482,6.79E-5,0.0,0.358,0.484,149.937,4,Avril Lavigne
04S1pkp1VaIqjg8zZqknR5,Enchanted,64,352200,false,2010-01-01,0.535,0.618,8,-3,1,0.0273,0.0716,3.88E-4,0.169,0.228,81.975,4,Taylor Swift
07NxDD1iKCHbAldceD7QLP,This Is Why We Can't Have Nice Things,67,207133,false,2017-11-10,0.567,0.789,5,-5,1,0.115,0.0156,0.0,0.382,0.438,163.96,4,Taylor Swift
08fa9LFcFBTcilB3iq2e2A,epiphany,70,289749,false,2020-07-24,0.354,0.267,1,-13,1,0.0281,0.731,4.02E-4,0.0858,0.113,94.219,4,Taylor Swift
09cM9BjyNFizKUOXh6j9rT,Sparks Fly,50,260947,false,2010-01-01,0.608,0.785,5,-2,1,0.0311,0.0387,0.0,0.158,0.376,114.985,4,Taylor Swift
0Bjr5EAEa5YxfSHHWzZmds,"Beautiful, Dirty, Rich",53,172413,false,2008-01-01,0.782,0.906,2,-5,1,0.152,0.017,0.0503,0.293,0.697,120.064,4,Lady Gaga
0TCmhnbMpw5zwPsTvlXTJi,Runaway,79,248827,false,2014-01-01,0.421,0.277,11,-10,1,0.0368,0.637,7.18E-5,0.103,0.13,115.153,4,AURORA
0XfTh16YcKPzdxMPTeKTAq,SuperStar,52,261453,false,2008-11-11,0.61,0.531,2,-6,1,0.0239,0.367,0.0,0.351,0.228,85.979,4,Taylor Swift
0YQ50BoiyCwPPP3qYUuQzL,Million Reasons,0,205280,false,2021-04-13,0.666,0.423,0,-8,1,0.0429,0.494,0.0,0.106,0.154,129.893,4,Lady Gaga
0ZNU020wNYvgW84iljPkPP,mirrorball,73,208978,false,2020-07-24,0.553,0.413,2,-10,1,0.0334,0.687,2.33E-6,0.0594,0.379,110.107,4,Taylor Swift
0b16LTzby1YRVd2nq2Z0fw,State Of Grace,59,295720,false,2012-10-22,0.588,0.825,4,-5,1,0.0328,1.97E-4,0.00138,0.0884,0.397,129.968,4,Taylor Swift
0cEG04R5cldkTLzK6phlcn,Come In With The Rain,53,238093,false,2008-11-11,0.527,0.461,2,-6,1,0.0256,0.0961,2.47E-6,0.24,0.23,143.94,4,Taylor Swift
0cITLOYn1Sv4q27zZPqlNK,Red,64,220827,false,2012-10-22,0.602,0.896,1,-4,0,0.0437,0.0773,8.87E-5,0.091,0.641,124.978,4,Taylor Swift
0cqRj7pUJDkTCEsJkx8snD,Shake It Off,79,219200,false,2014-01-01,0.647,0.8,7,-5,1,0.165,0.0647,0.0,0.334,0.942,160.078,4,Taylor Swift
0eH2eHURaXUP15D8gQlfjx,LoveGame,65,216333,false,2008-01-01,0.894,0.678,6,-5,0,0.0523,0.00569,2.43E-6,0.317,0.844,105.024,4,Lady Gaga
0kN3oXYWWAk1uC0y2WoyOE,Love Story,57,235280,false,2008-11-11,0.618,0.736,2,-3,1,0.0308,0.157,0.0,0.073,0.307,118.982,4,Taylor Swift
0kv8hQMkkfBlJxHTBIUvhP,Bad Romance,51,294640,false,2009-01-01,0.695,0.919,0,-3,1,0.0381,0.00264,4.1E-5,0.062,0.717,119.002,4,Lady Gaga
0qAIiGFKLdV1xpNlEhjpq8,New Romantics,66,230467,false,2014-01-01,0.633,0.889,5,-5,1,0.0715,0.00463,4.58E-4,0.0658,0.584,121.956,4,Taylor Swift
0qwcGscxUHGZTgq0zcaqk1,Here's to Never Growing Up,71,214320,true,2013-11-01,0.482,0.873,0,-3,1,0.0853,0.0111,0.0,0.409,0.737,165.084,4,Avril Lavigne
0tQ9vBYpldCuikPsbgOVKA,Untouchable (Taylor’s Version),75,312107,false,2021-04-09,0.393,0.531,5,-6,1,0.0329,0.0181,0.0,0.169,0.224,200.391,4,Taylor Swift
11UaQaEp2LvdspTyyuE3ur,Haunted,57,242080,false,2010-10-25,0.436,0.95,5,-2,1,0.057,0.0826,1.08E-6,0.149,0.352,162.088,4,Taylor Swift
14LtANuaslKWyYbktUrHBU,Enchanted,57,352187,false,2010-10-25,0.455,0.623,8,-3,1,0.0288,0.0739,4.24E-4,0.146,0.208,163.893,4,Taylor Swift
1By2VQkUN0Frd8mKNV5NYC,Better Than Revenge,65,217160,false,2010-10-25,0.516,0.917,11,-3,0,0.0827,0.0139,6.37E-6,0.36,0.635,145.821,4,Taylor Swift
1D4PL9B8gOg78jiHg3FvBb,Love Story,78,236267,false,2008-11-11,0.617,0.741,2,-3,1,0.0311,0.131,0.0,0.0772,0.306,118.984,4,Taylor Swift
1LLXZFeAHK9R4xUramtUKw,London Boy,71,190240,false,2019-08-23,0.695,0.71,1,-6,1,0.05,0.0246,1.04E-4,0.133,0.557,157.925,4,Taylor Swift
1MgV7FIyNxIG7WzMRJV5HC,my tears ricochet,74,255894,false,2020-07-24,0.456,0.263,0,-10,1,0.0332,0.806,0.0,0.0749,0.111,129.86,4,Taylor Swift
1NrfEZrNm0Dq8ulfYMxwSc,So Happy I Could Die,54,234867,false,2009-11-05,0.557,0.772,0,-5,1,0.0304,3.18E-4,0.00234,0.176,0.324,99.967,4,Lady Gaga
1OYARuagDrpgNNQ4loO1Cs,We Are Never Ever Getting Back Together,60,191880,false,2012-10-22,0.628,0.676,7,-5,1,0.0916,0.00957,2.65E-5,0.102,0.75,85.984,4,Taylor Swift
1QV6tiMFM6fSOKOGLMHYYg,Poker Face,78,237200,false,2008-01-01,0.851,0.806,4,-4,1,0.0787,0.118,1.64E-6,0.121,0.787,118.999,4,Lady Gaga
1RvQQGwaPipiNgz8RXAKA8,Red,61,220827,false,2012-10-22,0.602,0.896,1,-4,0,0.0437,0.0773,8.87E-5,0.091,0.641,124.978,4,Taylor Swift
1T0Dv84b0Za7FoLcoeajgh,Tomorrow,56,228840,false,2002-06-04,0.632,0.793,6,-7,0,0.0274,0.00853,8.9E-4,0.157,0.609,136.012,4,Avril Lavigne
1Tl0YVT3Br2AIqYT3VlEdo,I Love You,55,242013,false,2011-03-08,0.596,0.801,0,-3,1,0.0307,0.021,2.3E-6,0.318,0.506,106.99,4,Avril Lavigne
1fo2ctLqj3zBhRQKOXprol,Style,62,231000,false,2014-10-27,0.588,0.791,7,-5,1,0.0402,0.00245,0.00258,0.118,0.487,94.933,4,Taylor Swift
1kHEuJRasudLhjvnbfc4yS,Blank Space,58,231827,false,2014-10-27,0.76,0.703,5,-5,1,0.054,0.103,0.0,0.0913,0.57,95.997,4,Taylor Swift
1n2wszmJyVkw6FHqyLnQsY,Come In With The Rain (Taylor’s Version),74,237339,false,2021-04-09,0.476,0.564,2,-5,1,0.0269,0.0406,0.0,0.102,0.167,143.929,4,Taylor Swift
1oR4MUBpyNrAViC8wPNpfm,A Place in this World,49,199200,false,2006-10-24,0.576,0.777,9,-2,1,0.0324,0.051,0.0,0.32,0.428,115.028,4,Taylor Swift
1p80LdxRV74UKvL8gnD7ky,Blank Space,74,231827,false,2014-10-27,0.752,0.678,5,-5,1,0.0646,0.085,1.64E-6,0.13,0.583,96.009,4,Taylor Swift
1u8c2t2Cy7UBoG4ArRcF5g,Blank Space,81,231827,false,2014-01-01,0.76,0.703,5,-5,1,0.054,0.103,0.0,0.0913,0.57,95.997,4,Taylor Swift
1ubvV5ECkm6nSI6g1HmbBK,Dear John,63,403920,false,2010-10-25,0.589,0.47,4,-5,1,0.028,0.166,1.45E-6,0.112,0.102,119.386,3,Taylor Swift
1x0J8LFX23d5h1zzuzZorc,Stay Stay Stay,57,204827,false,2012-10-22,0.729,0.748,0,-6,1,0.0245,0.307,1.29E-6,0.09,0.928,99.981,4,Taylor Swift
1yG491M3fRfowMdGN5pey4,Begin Again,56,239427,false,2012-10-22,0.53,0.526,7,-8,1,0.0263,0.199,3.52E-6,0.14,0.323,79.025,4,Taylor Swift
21HfUACOv1lgBiYocruoW8,Half The World Away,61,198133,false,2016-03-11,0.62,0.11,8,-13,1,0.0416,0.949,6.28E-6,0.16,0.211,111.362,4,AURORA
22bPsP2jCgbLUvh82U0Z3M,The Way I Loved You (Taylor’s Version),78,243137,false,2021-04-09,0.402,0.732,5,-4,1,0.0484,0.0033,0.0,0.108,0.472,161.032,4,Taylor Swift
23qIWGhpwvDgC23TyZOUck,Breathe,53,263987,false,2008-11-11,0.498,0.486,1,-7,1,0.0273,0.373,0.0,0.113,0.17,147.952,4,Taylor Swift
2CYVETnhM9aytqrazYYwrK,Mr. Perfectly Fine (Taylor’s Version) (From The Vault),79,277592,false,2021-04-09,0.66,0.817,11,-6,0,0.0521,0.162,0.0,0.0667,0.714,135.942,4,Taylor Swift
2M1cZrdslmeWu18z602uIX,Conqueror,36,207507,false,2015-12-11,0.468,0.538,7,-7,1,0.0401,0.00447,0.00277,0.176,0.522,184.027,4,AURORA
2OoLIJNxpsNs9wIHqWQrED,Donatella,59,264960,true,2013-11-11,0.694,0.814,9,-4,0,0.23,0.012,0.0,0.425,0.686,124.976,4,Lady Gaga
2a2NZbDJsS5X91csRcDYys,Half the World Away,43,198133,false,2016-03-11,0.611,0.0976,8,-14,1,0.0418,0.947,1.08E-5,0.154,0.191,111.634,4,AURORA
30XU4suKzCeoCK9YFzdufg,Born This Way,74,260253,false,2011-05-23,0.587,0.828,11,-5,1,0.161,0.00327,0.0,0.331,0.494,123.907,4,Lady Gaga
32mVHdy0bi1XKgr0ajsBlG,Picture To Burn,65,173067,false,2006-10-24,0.658,0.877,7,-2,1,0.0323,0.173,0.0,0.0962,0.821,105.586,4,Taylor Swift
3DKpA54hrFIdPN6AtL9HXa,I'll Never Love Again - Film Version - Radio Edit,67,281235,false,2018-10-05,0.45,0.335,7,-7,1,0.0298,0.785,1.25E-6,0.0979,0.25,109.908,4,Lady Gaga
3ExweHKZF9B752DPQByRVT,Change (Taylor’s Version),75,279360,false,2021-04-09,0.499,0.815,5,-4,1,0.0341,1.91E-4,0.0,0.181,0.344,95.999,4,Taylor Swift
3F6czr26ZwGU5O5CHY04Ma,Fearless,55,242000,false,2008-11-11,0.598,0.714,5,-4,1,0.0273,0.0364,1.04E-6,0.31,0.467,99.979,4,Taylor Swift
3O5osWf1rSoKMwe6E9ZaXP,evermore (feat. Bon Iver),73,304107,false,2020-12-11,0.39,0.27,1,-10,1,0.0308,0.937,0.00227,0.111,0.32,125.177,5,Taylor Swift
3RaT22zZsxVYxxKR7TAaYF,"no body, no crime (feat. HAIM)",76,215627,false,2020-12-11,0.546,0.613,7,-7,0,0.0264,0.418,0.0,0.103,0.535,79.015,4,Taylor Swift
3ScVaMDQwaD8iumBYzcDvr,Wildest Dreams,48,220440,false,2014-10-27,0.55,0.688,8,-7,1,0.0897,0.0692,0.00144,0.106,0.465,139.997,4,Taylor Swift
3cJTPvEe33hGNJguNPAoBC,Poker Face,46,237533,false,2008-09-26,0.849,0.824,4,-4,1,0.0788,0.128,2.83E-6,0.0867,0.785,119.001,4,Lady Gaga
3jArQ9tPKWxKnn18iXS3TF,Million Reasons,41,205280,false,2016-10-21,0.666,0.423,0,-8,1,0.043,0.494,0.0,0.106,0.154,129.89,4,Lady Gaga
3k7ne7VmH43ZPWxPdvPUgR,coney island (feat. The National),72,275320,false,2020-12-11,0.537,0.537,8,-11,1,0.0617,0.819,9.04E-4,0.142,0.292,107.895,4,Taylor Swift
3lKZf71jeNi14udIFPJ29V,I Knew You Were Trouble.,65,219720,false,2012-10-22,0.622,0.469,3,-6,0,0.0363,0.00454,2.25E-6,0.0335,0.679,77.019,4,Taylor Swift
3lXekiVK1ZPZbKconsys73,The Story Of Us,55,265680,false,2010-01-01,0.575,0.855,9,-4,1,0.0467,3.15E-4,0.00161,0.0419,0.84,139.92,4,Taylor Swift
3nbh5VQkQMLPuoHtpt6N5c,Alejandro,45,274213,false,2009-01-01,0.626,0.799,11,-6,0,0.046,3.58E-4,0.00155,0.36,0.369,98.992,4,Lady Gaga
3rKxy9XVDHbZX40deO6I4B,Wo noch niemand war,57,195080,false,2019-11-15,0.307,0.378,1,-7,1,0.0353,0.805,9.7E-6,0.158,0.434,156.7,3,AURORA
3sqrvkNC6IPTIXvvbx9Arw,Enchanted,50,352200,false,2010-01-01,0.535,0.618,8,-3,1,0.0273,0.0716,3.88E-4,0.169,0.228,81.975,4,Taylor Swift
41sjzdjScVwnxnxADElts6,Stay Beautiful,48,236053,false,2006-10-24,0.594,0.629,8,-4,1,0.0246,0.0868,0.0,0.137,0.504,131.597,4,Taylor Swift
43H3q2NWT9LCuYS1B5IUvV,Our Song,62,203440,false,2006-10-24,0.667,0.659,2,-4,1,0.0298,0.113,0.0,0.325,0.575,89.128,4,Taylor Swift
45hOioMDJktr86iKDHC8gr,Girlfriend,77,216600,true,2007-04-17,0.56,0.959,7,-2,1,0.102,7.22E-4,2.21E-4,0.209,0.669,163.983,4,Avril Lavigne
46HGgtwmmuEB8mvDCyjyAc,Forever & Always - Piano Version,54,267507,false,2008-11-11,0.592,0.16,9,-10,1,0.0347,0.852,0.0,0.116,0.294,118.929,4,Taylor Swift
471JGLzHPrgM4lS9mNOEIt,Rock N Roll,61,206680,true,2013-11-01,0.465,0.956,0,-3,0,0.128,0.00963,1.01E-4,0.335,0.665,184.126,4,Avril Lavigne
4CHpVfAhuxNJ3ibExe6kxO,You All Over Me (feat. Maren Morris) (Taylor’s Version) (From The Vault),74,220839,false,2021-04-09,0.599,0.494,2,-7,1,0.0372,0.816,0.0,0.101,0.44,142.893,4,Taylor Swift
4QE3csw0rsqxoIQNoMUgsU,Into the Unknown,48,194907,false,2019-11-22,0.344,0.38,1,-7,1,0.0423,0.856,2.47E-5,0.135,0.32,157.669,3,AURORA
4TCL0qqKyqsMZml0G3M9IM,Telephone,70,220640,false,2009-11-05,0.824,0.836,3,-5,1,0.0404,0.00521,8.17E-4,0.112,0.716,122.014,4,Lady Gaga
4XrP7vKBjKLEYlRZdb0Ygr,Tell Me Why,52,200560,false,2008-11-11,0.601,0.852,7,-3,1,0.0386,0.0606,3.41E-6,0.37,0.513,100.015,4,Taylor Swift
4rYLpaNFzt6pkQnrCvVHUw,G.U.Y.,65,232667,true,2013-11-11,0.616,0.919,5,-3,0,0.0401,0.0141,0.0,0.117,0.572,110.008,4,Lady Gaga
4uuEGH5SVuzkkSFjo2DEiY,Don’t You (Taylor’s Version) (From The Vault),76,208609,false,2021-04-09,0.563,0.473,3,-11,1,0.0503,0.514,1.2E-5,0.109,0.405,101.934,4,Taylor Swift
4x7Gxk2GfwZJcqpoVT1PbR,Tell Me Why,53,200560,false,2008-11-11,0.601,0.852,7,-3,1,0.0386,0.0606,3.41E-6,0.37,0.513,100.015,4,Taylor Swift
4y5bvROuBDPr5fuwXbIBZR,Paper Rings,75,222400,false,2019-08-23,0.811,0.719,9,-6,1,0.0497,0.0129,1.36E-5,0.0742,0.865,103.979,4,Taylor Swift
53jnnqFSRGMDB9ADrNriCA,Bloody Mary,60,244760,false,2011-05-23,0.591,0.637,9,-6,0,0.03,0.0107,1.95E-6,0.113,0.432,99.998,4,Lady Gaga
569sXXQ7t0jSdqHooi2yqs,Cold As You,51,239013,false,2006-10-24,0.418,0.482,5,-5,1,0.0266,0.217,0.0,0.123,0.261,175.558,4,Taylor Swift
57gIhFXdJ5M9JuNDcbpcEk,Everybody Hurts,54,221867,false,2011-03-08,0.454,0.748,10,-3,1,0.0281,0.00696,3.51E-4,0.117,0.358,101.52,4,Avril Lavigne
58ZYHG6xGz1Lx25FsvVH1A,Bad Reputation,50,162267,false,2011-03-08,0.468,0.985,6,-3,1,0.0395,3.81E-5,5.28E-4,0.167,0.927,103.017,3,Avril Lavigne
5AZhrTm9YUCOiA3Vl2hQji,Slipped Away,56,214093,false,2004-01-01,0.449,0.621,7,-4,1,0.032,0.00274,4.2E-6,0.117,0.103,160.761,3,Avril Lavigne
5AsmAjBSSQjRPWgAYIp8tm,The Moment I Knew,55,285560,false,2012-10-22,0.62,0.506,7,-7,1,0.0312,0.187,1.47E-5,0.102,0.275,126.015,4,Taylor Swift
5BK0uqwY9DNfZ630STAEaq,gold rush,77,185320,true,2020-12-11,0.512,0.462,9,-10,1,0.0408,0.83,0.166,0.121,0.353,112.05,4,Taylor Swift
5EfjBbLJxs97IvoUc8gcFc,Runaway,44,248827,false,2016-04-22,0.422,0.302,11,-9,1,0.0372,0.629,7.83E-5,0.104,0.123,114.089,4,AURORA
5GEPI2EfHqf6G1Ebibo5C5,White Horse,38,235400,false,2008-01-01,0.581,0.342,0,-8,1,0.0259,0.286,0.0,0.101,0.212,92.166,4,Taylor Swift
5JdzwFG2M4wSKEBU09zls6,Bad Romance,13,294573,true,2020-09-25,0.695,0.921,0,-3,1,0.0363,0.00314,5.26E-5,0.0842,0.714,119.007,4,Lady Gaga
5OOd01o2YS1QFwdpVLds3r,Invisible,52,203227,false,2006-10-24,0.612,0.394,7,-5,1,0.0243,0.637,0.0,0.147,0.233,96.001,4,Taylor Swift
5Ora3Ish2A1JN5veGYTxhw,Fifteen,54,294347,false,2008-11-11,0.559,0.636,7,-4,1,0.0263,0.0728,0.0,0.144,0.214,95.485,4,Taylor Swift
5R8dQOPq8haW94K7mgERlO,Poker Face,75,237200,false,2008-01-01,0.851,0.806,4,-4,1,0.0787,0.118,1.64E-6,0.121,0.787,118.999,4,Lady Gaga
5XHf9PBxxHmJFuiDkGNIOA,Wish You Were Here,67,225760,false,2011-03-08,0.454,0.865,4,-3,1,0.0561,0.0323,0.0,0.186,0.34,166.018,4,Avril Lavigne
5eo5uGyM4q70CLU3LZphfu,Hello Kitty,62,196253,false,2013-11-01,0.753,0.79,6,-6,0,0.0861,0.00184,9.69E-5,0.648,0.588,127.991,4,Avril Lavigne
5hQSXkFgbxjZo9uCwd11so,False God,68,200307,false,2019-08-23,0.739,0.32,11,-10,0,0.239,0.736,1.47E-4,0.111,0.351,79.97,4,Taylor Swift
5l6GqSxplqnZbLg0LTPQeG,Back To December,68,293040,false,2010-01-01,0.517,0.606,2,-5,1,0.0289,0.0202,0.0,0.324,0.296,141.929,4,Taylor Swift
5yKB8qcTSflDercM2PXwot,White Horse,54,234440,false,2008-11-11,0.585,0.346,0,-8,1,0.0256,0.302,0.0,0.102,0.195,92.564,4,Taylor Swift
60FzmwjgazNCQQg5ZDKIJ8,"Murder Song (5, 4, 3, 2, 1) - Acoustic",37,218667,false,2016-03-11,0.485,0.0782,9,-14,0,0.0318,0.906,4.12E-6,0.0881,0.346,77.711,4,AURORA
6EwNJz8CuVsrsLvXprJ20Q,I Know Places,57,195707,false,2014-01-01,0.602,0.755,0,-4,1,0.071,0.245,0.0,0.178,0.495,159.965,4,Taylor Swift
6FB3v4YcR57y4tXFcdxI1E,I Knew You Were Trouble.,79,219720,false,2012-10-22,0.622,0.469,3,-6,0,0.0363,0.00454,2.25E-6,0.0335,0.679,77.019,4,Taylor Swift
6Nde5KuTXyB7jlPO4upaBo,Out Of The Woods,60,235800,false,2014-10-27,0.553,0.841,7,-6,1,0.0396,7.43E-4,1.19E-5,0.341,0.338,92.008,4,Taylor Swift
6QfS2wq5sSC1xAJCQsTSlj,Shallow - Radio Edit,79,217213,false,2018-10-05,0.575,0.33,7,-6,1,0.031,0.416,0.0,0.0872,0.277,95.801,4,Lady Gaga
6SdBf0ZsJZoKaH5zcDaz9X,Haunted - Acoustic Version,48,217627,false,2010-01-01,0.574,0.462,5,-5,1,0.0252,0.841,0.0,0.28,0.314,80.858,4,Taylor Swift
6VsvKPJ4xjVNKpI8VVZ3SV,invisible string,74,252881,false,2020-07-24,0.653,0.452,4,-11,0,0.055,0.838,7.73E-5,0.108,0.45,83.433,4,Taylor Swift
6WWvcA62QlnRguluWAk6bv,Jump Then Fall,55,237067,false,2008-11-11,0.618,0.687,2,-5,1,0.0271,0.111,0.0,0.0693,0.82,79.991,4,Taylor Swift
6YvqWjhGD8mB5QXcbcUKtx,Love Story (Taylor’s Version),79,235767,false,2021-04-09,0.627,0.792,2,-4,1,0.031,0.13,3.97E-6,0.0845,0.415,119.054,4,Taylor Swift
6aDi4gOE2Cfc6ecynvP81R,Born This Way,53,260253,false,2011-01-01,0.586,0.827,11,-5,1,0.15,0.0037,0.0,0.328,0.508,123.905,4,Lady Gaga
6lEQQ4PJNJrF2Sp9AjaC67,Born This Way,47,260253,false,2011-01-01,0.587,0.828,11,-5,1,0.161,0.00327,0.0,0.331,0.494,123.907,4,Lady Gaga
6qnM0XXPZOINWA778uNqQ9,Welcome To New York,62,212600,false,2014-10-27,0.793,0.634,7,-4,1,0.0324,0.038,1.76E-6,0.304,0.615,117.023,4,Taylor Swift
6r6n5OmXkdsOxN2iCj5UE0,Running With The Wolves,65,194760,false,2016-03-11,0.531,0.568,5,-5,1,0.0571,0.253,7.7E-5,0.26,0.438,164.127,4,AURORA
6wn61Fzx9XMxQmieLpoIhW,White Horse,63,234427,false,2008-11-11,0.578,0.34,0,-8,1,0.0264,0.305,0.0,0.104,0.223,92.702,4,Taylor Swift
71wNmYRyNNIiU9R5GCTHMd,Runaway,40,248827,false,2016-03-11,0.327,0.285,11,-10,1,0.045,0.618,7.75E-5,0.104,0.133,172.527,3,AURORA
72idZxdEHLbi2YI486c3sE,Haunted,46,242093,false,2010-01-01,0.434,0.944,5,-2,1,0.0581,0.0769,0.0,0.151,0.361,162.02,4,Taylor Swift
72jCZdH0Lhg93z6Z4hBjgj,I Knew You Were Trouble.,68,217973,false,2012-10-22,0.622,0.469,3,-6,0,0.0363,0.00454,2.25E-6,0.0398,0.679,77.019,4,Taylor Swift
73OX8GdpOeGzKC6OvGSbsv,A Place in this World,54,199200,false,2006-10-24,0.576,0.777,9,-2,1,0.0324,0.051,0.0,0.32,0.428,115.028,4,Taylor Swift
74WBGgUnpKrJXt6TETfR6Z,Never Grow Up,57,290467,false,2010-10-25,0.714,0.305,2,-8,1,0.0305,0.819,0.0,0.174,0.554,124.91,4,Taylor Swift
7DXGKFjM7GNkJd32oXstGY,ScheiBe,54,225467,false,2011-05-23,0.739,0.97,5,-4,0,0.118,0.0049,1.06E-6,0.273,0.519,131.003,4,Lady Gaga
7DjCRhhFo9PPzca1BjMLcf,Long Live,57,317453,false,2010-10-25,0.418,0.68,7,-4,1,0.0347,0.036,7.59E-5,0.114,0.142,204.12,4,Taylor Swift
7G6TDmGJXDoBaV6NGj3Yic,You Belong With Me,54,230507,false,2008-11-11,0.688,0.775,6,-4,1,0.0381,0.151,1.98E-5,0.104,0.469,129.969,4,Taylor Swift
7HuBDWi18s4aJM8UFnNheH,King Of My Heart,69,214320,false,2017-11-10,0.675,0.703,0,-7,1,0.0382,0.00882,2.21E-6,0.0391,0.314,110.01,4,Taylor Swift
7dW84mWkdWE5a6lFWxJCBG,‘tis the damn season,74,229840,false,2020-12-11,0.575,0.434,5,-8,1,0.0312,0.735,6.59E-5,0.105,0.348,145.916,4,Taylor Swift
7eResoqEJJAVTkQYSqvO3P,That’s When (feat. Keith Urban) (Taylor’s Version) (From The Vault),77,189496,false,2021-04-09,0.588,0.608,5,-7,1,0.0365,0.225,0.0,0.092,0.508,90.201,4,Taylor Swift
7gdwoOmi258QJq0hmQ4hto,Everything Has Changed,57,243933,false,2012-10-22,0.624,0.458,6,-6,1,0.0287,0.36,3.89E-6,0.303,0.436,80.017,4,Taylor Swift
7jgPM1tEs9WNqQ0mYBAvWA,Too Much to Ask,48,225400,false,2002-06-04,0.498,0.701,7,-6,1,0.0311,0.00897,0.0,0.0991,0.408,146.863,3,Avril Lavigne
7k7BOXE4u6luKTwcLEAyrd,Back To December - Acoustic Version,61,292533,false,2010-01-01,0.541,0.451,2,-6,1,0.027,0.731,0.0,0.197,0.333,141.713,4,Taylor Swift
7l2tmgUhV7Y2aJHjiszifg,Mr. Perfectly Fine (Taylor’s Version) (From The Vault),82,277592,false,2021-04-07,0.661,0.819,11,-6,0,0.0519,0.167,0.0,0.0647,0.724,135.937,4,Taylor Swift
7nECwCDHS1JvQbrmuorZIH,Treacherous,58,242760,false,2012-10-22,0.704,0.621,2,-8,1,0.0334,0.101,4.3E-6,0.14,0.395,109.995,4,Taylor Swift
7rl7ao5pb9BhvAzPdWStxi,Telephone,69,220627,false,2009-08-05,0.825,0.832,5,-5,0,0.0403,0.00587,7.89E-4,0.114,0.713,122.021,4,Lady Gaga
7zACUQbWQxzT4aER7ityBV,Poker Face,57,237200,false,2009-11-05,0.851,0.806,4,-4,1,0.0787,0.118,1.64E-6,0.121,0.787,118.999,4,Lady Gaga
